id,location_id,features_id,sales_id,owner_id,propertyTaxes_id,tax_assessment_id,yearBuilt,assessorID,legalDescription,subdivision,zoning,lotSize
"11940-County-Rd,-230,-Somerville,-TX-77879",0,0,0,0,0,0,,,,,,
"5207-Fleet-Ave,-Apt-2,-Cleveland,-OH-44105",1,1,1,1,1,1,,,,,,
"17425-Tyler-St-NE,-Ham-Lake,-MN-55304",2,2,2,2,2,2,2022.0,,,,,43560.0
"6551-Annie-Oakley-Dr,-Apt-426,-Henderson,-NV-89014",3,3,3,3,3,3,1988.0,178-06-514-049,WOOD CREEK VILLAS CONDO PLAT BOOK 140 PAGE 7 UNIT 426 BLDG 4,WOOD CREEK VILLAS CONDO,,
"3924-Plumosa-Dr,-Saint-James-City,-FL-33956",4,4,4,4,4,4,,,,,,
"9400-Fredericksburg-Rd,-Apt-2802,-San-Antonio,-TX-78240",5,5,5,5,5,5,,,,,,
"5798-Lake-Cyrus-Blvd,-Hoover,-AL-35244",6,6,6,6,6,6,2001.0,39-00-30-4-000-001.056,LOT 706 1ST ADD LAKE CYRUS SEVENTH SEC GIVIANPOUR ADD TO HOOVER 34/40,LAKE CYRUS 7 SECTOR,PR1,
"321-Walnut-St,-Madison,-WI-53726",7,7,7,7,7,7,1937.0,,,,,
"4649-S-Hills-Dr,-Folsom,-CA-95630",8,8,8,8,8,8,,072-3710-048-0000,"MANGINI RANCH VILLAGE 7, LOT 773, UNIT:: 0, BLOCK:: 0, BLDG:: 0",,AG80,
"2375-Westwood-Blvd,-Los-Angeles,-CA-90064",9,9,9,9,9,9,,,,,,
"2329-Dawson-Forest-Rd-E,-Dawsonville,-GA-30534",10,10,10,10,10,10,2004.0,106 361,LL 366 LD 13S,,,43560.0
"PO-Box-1453,-Groves,-TX-77619",11,11,11,11,11,11,,,,,,
"370-Hanover-Arms-Ct,-Winston-Salem,-NC-27104",12,12,12,12,12,12,1970.0,6815-94-5927.00,LO370 BL6517,THE HANOVER ARMS CONDOMINIUMS,RM18,436.0
"5901-W-Behrend-Dr,-Apt-1132,-Glendale,-AZ-85308",13,13,13,13,13,13,,,,,,
"4833-Sines-Ln,-Port-Charlotte,-FL-33981",14,14,14,14,14,14,2006.0,40-21-32-155-011,PCH 053 1779 0015 PORT CHARLOTTE SEC53 BLK1779 LTS 15 & 16 406/903 1049/1107 1681/473 1681/474 2423/207 RES2552/17,PORT CHARLOTTE,RSF3.5 SINGLE FAM. RES.,21740.0
"4140-Benton-St,-Denver,-CO-80212",15,15,15,15,15,15,1909.0,39-244-14-008,SECTION 24 TOWNSHIP 03 RANGE 69 QTR SE SUBDIVISIONCD 076200 SUBDIVISIONNAME BERKELEY IN JEFFERSON BLOCK 003 LOT 0015 SIZE: 33,BERKELEY IN JEFFERSON,,6665.0
"2413-Rocky-Ridge-Rd,-Vestavia,-AL-35243",16,16,16,16,16,16,2021.0,40-00-05-2-007-004.000,LOT 6 BUCKHEAD 1ST SECTOR,BUCKHEAD 1ST SECTOR,E2,37500.0
"5953-Triple-Crown-Dr,-Medina,-OH-44256",17,17,17,17,17,17,2005.0,030-11A-07-012,LOT 1 WH LEXINGTON RIDGE SUB PH 1 .4325 AC,WH LEXINGTON RIDGE SUB,,18731.0
"8204-Rambling-Rose-Ln,-Laurel,-MD-20724",18,18,18,18,18,18,1997.0,04-675-90083207,LT 17 PAR 9 PH 2 8204 RAMBLING ROSE LN RUSSETT,RUSSETT,R5,7500.0
"53960-Lawson-Creek-Dr,-Shelby-Township,-MI-48316",19,19,19,19,19,19,,,,,,
"1154-N-Sycamore-Ave,-Apt-4,-Los-Angeles,-CA-90038",20,20,20,20,20,20,1991.0,5532-016-037,TR=48598 LOT 1 CONDO UNIT 4,SYCAMORE TOWNHOMES,LAR3,13149.0
"2930-Brougham-Ave,-Jacksonville,-FL-32246",21,21,21,21,21,21,2006.0,166876-0000,"22-060 35-2S-28E GOLDEN GLADES UNIT NO 3A N 75FT LOTS 5,6 BLK 23 U/W",GOLDEN GLADES UNIT 03A,RLD-60,18750.0
"3630-Muirfield-Dr,-Titusville,-FL-32780",22,22,22,22,22,22,1987.0,22-35-16-85-00000.0-0001.00,"FOREST AT LA CITA, THE LOT 1 & PT OF TRACT A AS DESC IN ORB 2976 PG 3432",FOREST AT LA CITA,R1B/PUD,3920.0
"2100-St-Thomas-St,-Unit-207,-New-Orleans,-LA-70130",23,23,23,23,23,23,,,,,,
"12154-Marilla-Dr,-Saratoga,-CA-95070",24,24,24,24,24,24,1970.0,386-45-017,TR 4675 LOT 58,SARATOGA ESTATES,R110,10188.0
"155-E-Rodeo-Rd,-Lot-66,-Casa-Grande,-AZ-85122",25,25,25,25,25,25,,,,,,
"2347-Walden-Dr,-Augusta,-GA-30904",26,26,26,26,26,26,1952.0,056-4-085-00-0,2347 WALDEN DR,CALDWELLS,R-2,9148.0
"154-Market-St,-Portsmouth,-NH-03801",27,27,27,27,27,27,,,,,,
"3235-W-Woodlawn-Ave,-San-Antonio,-TX-78228",28,28,28,28,28,28,1952.0,11509-000-0080,NCB 11509 BLK LOT E 65.36 FT OF 8,CONV A/S CODE,,10062.0
"1147-Rosewood-Ln,-Ste-3,-Layton,-UT-84041",29,29,29,29,29,29,,,,,,
"1882-Dillingham-Dr,-Allegan,-MI-49010",30,30,30,30,30,30,,22-200-005-00,LOTS 5 & 6 AUTUMN SHORES SEC 13 T2N R14W.,AUTUMN SHORES,R-2 LOW DNS,24437.0
"5900-Essex-Rd,-Oak-Forest,-IL-60452",31,31,31,31,31,31,1966.0,28-17-409-009,,EL MORRO SUB/3RD ADD/W J PETER,,6600.0
"1722-7th-Ave-N---B,-Nashville,-TN-37208",32,32,32,32,32,32,2016.0,081-08-4O-002-00,UNIT B KENDRICK TOWNHOMES,KENDRICK TWNHMS,MULTI-ZONE,
"4658-Midway-St,-Saginaw,-MI-48638",33,33,33,33,33,33,1956.0,23-12-4-21-2379-000,LOT 79 WESTWOOD PARK SEC 21 T12N R4E,WESTWOOD PARK SUB,R-1,10454.0
"2055-Allen-Dr,-Apt-103,-Annapolis,-MD-21401",34,34,34,34,34,34,,,,,,
"1209-N-9th-St,-Salina,-KS-67401",35,35,35,35,35,35,1920.0,081-02-0-40-04-019.00,"REIMOLDS ADD, S2, T14, R3, LOT 10, 9TH ST",REIMOLDS ADD,,4800.0
"710-Concho-Pl,-College-Station,-TX-77840",36,36,36,36,36,36,,,,,,
"729-W-Randolph-St,-Chicago,-IL-60661",37,37,37,37,37,37,,,,,,
"23-W-Chicago-Ave,-Apt-603,-Chicago,-IL-60654",38,38,38,38,38,38,,,,,,
"108-Willard-Ave,-Farmingdale,-NY-11735",39,39,39,39,39,39,1943.0,48-503-00-0013,TOWN #3 SCH DIST 022,,,8000.0
"Oak-Ridge-Dr,-Lot-1,-Shell-Knob,-MO-65747",40,40,40,40,40,40,,,,,,
"1672-Se-Hickory-Way,-Gresham,-OR-97080",41,41,41,41,41,41,2001.0,,,,,5227.0
"11724-Decade-Ct,-Reston,-VA-20191",42,42,42,42,42,42,1976.0,026-4-13-1C-0075,GENERATION LT 75 BLK 1C SEC 3,GENERATION SEC 3 BLK 1C,PRC(GENERAL COMBINATION D,2975.0
"130-Randomwood-Way,-Alpharetta,-GA-30022",43,43,43,43,43,43,1974.0,12 317109220072,ID,TIMBERSTONE SEC 01,CUP,41077.0
"56-Dogwood-Drive-Cir,-Ocala,-FL-34472",44,44,44,44,44,44,,9018-0298-03,SEC 06 TWP 16 RGE 23,SILVER SPRINGS SHORES,R1,10019.0
"109-Blue-Ridge-Dr,-Pickens,-SC-29671",45,45,45,45,45,45,1960.0,,,,,
"300-E-9th-St,-Apt-203,-Dallas,-TX-75203",46,46,46,46,46,46,,,,,,
"171-Quail-Ridge-Rd,-Selah,-WA-98942",47,47,47,47,47,47,1999.0,,,,,87991.0
"261-Sparrow-Ln,-Unit-19,-Lexington,-NC-27295",48,48,48,48,48,48,,,,,,
"278-Carrollton-St,-Bremen,-GA-30110",49,49,49,49,49,49,,,,,,
"3225-Randy-Rd,-Joliet,-IL-60431",50,50,50,50,50,50,1973.0,05-06-11-406-014,"LOT 37 IN TWIN OAKS WEST, A SUB IN THE E1/2 OF THE SE1/4 OF SEC 11, T35N-R9E.",TWIN OAKS WEST,,19602.0
"1310-Decatur-St,-Pittsburgh,-PA-15233",51,51,51,51,51,51,1910.0,22-K-341-A,G W GUTHRIE PLAN PT 5 LOT 20X60 DECATUR ST 2 STY FRA HSE 1310,,,1200.0
"802-Beaufort-St,-Laramie,-WY-82072",52,52,52,52,52,52,,,,,,
"1469-Beacon-St,-Apt-6,-Brookline,-MA-02446",53,53,53,53,53,53,,,,,,
"2217-S-Genesee-Ave,-Apt-6,-Los-Angeles,-CA-90016",54,54,54,54,54,54,,,,,,
"11468-Johannsen-Rd,-Ketchikan,-AK-99901",55,55,55,55,55,55,,,,,,
"1280-San-Tomas-Aqn-Rd,-Apt-113,-San-Jose,-CA-95117",56,56,56,56,56,56,,,,,,
"9944-Walnut-St,-Apt-2034,-Dallas,-TX-75243",57,57,57,57,57,57,,,,,,
"237-Holly-Berry-Dr,-Frankfort,-KY-40601",58,58,58,58,58,58,1990.0,049-30-12-031.00,HOLLY HILLS II LOT 67,HOLLY HILLS II,,21344.0
"568-N-Chancery-St,-Mcminnville,-TN-37110",59,59,59,59,59,59,,,,,,
"38-Sylvia-Ln,-Plainview,-NY-11803",60,60,60,60,60,60,1958.0,12-612-00-0019,TOWN #3 SCH DIST 019,LAKEVILLE ESTS,,8520.0
"4816-Bratcher-St,-Fort-Worth,-TX-76119",61,61,61,61,61,61,1950.0,3350--R9,BRATCHER PLACE LOT R9,BRATCHER PLACE,,10476.0
"168-Heritage-Hill-Rd,-New-Canaan,-CT-06840",62,62,62,62,62,62,1966.0,NCAN M:000P B:042 L:00883,LOT:883 BLK:42 CITY/MUNI/TWP:NEW CANAAN,,5AC,33106.0
"PO-Box-607,-Dauphin-Island,-AL-36528",63,63,63,63,63,63,,,,,,
"137-N-1050-W,-Cedar-City,-UT-84720",64,64,64,64,64,64,1949.0,B-0045-0026-0000,"LOT 7, BLK 3, MOUNTAIN VIEW SUBDIVISION",MOUNTAIN VIEW SUBDIVISION,,7841.0
"5209-Denver-Dr,-Galveston,-TX-77551",65,65,65,65,65,65,1955.0,2965-0207-0007-000,"ABST 628 M B MENARD SUR LOTS 7,8,9 & N 1/2 OF ALLEY BLK 207 DENVER RESURVEY",DENVER RESURVEY,,9749.0
"9125-Wildwood-Dr,-Highland,-IN-46322",66,66,66,66,66,66,1971.0,45-07-29-252-010.000-026,THE MEADOWS 1ST ADD. UNIT NO.1 ALL LOT 201,THE MEADOWS 1ST ADD,,7500.0
"1112-Spencer-St,-Allen,-TX-75013",67,67,67,67,67,67,2017.0,R-10686-00E-0090-1,"ANGEL FIELD WEST (CAL), BLK E, LOT 9",ANGEL FIELD WEST (CAL),,8713.0
"2560-Superior-St,-Opa-Locka,-FL-33054",68,68,68,68,68,68,,,,,,
"18023-Hillgrove-Ave,-Cleveland,-OH-44119",69,69,69,69,69,69,,,,,,
"938-E-8th-St,-Jeffersonville,-IN-47130",70,70,70,70,70,70,1951.0,10-20-00-200-232.000-010,PT LOT 6-7 BLK 8 EE,CITY/JEFFERSONVILLE,,10106.0
"114-Windstone-Blvd,-Powell,-TN-37849",71,71,71,71,71,71,1998.0,046MF002,SUBDIVISIONNAME WINDSTONE S/D UNIT 1 MAPPLATB O-22C MAP PLATP N293D DIMENSIONS 87.32 X 170.17 X IRR,WINDSTONE S/D UNIT 1,,15465.0
"2200-Bronson-St,-Fort-Collins,-CO-80526",72,72,72,72,72,72,1994.0,97284-07-007,"LOT 7, SILVER OAKS PUD 1ST FIL, FTC",SILVER OAKS PUD,,7841.0
"20-Beechwood-Ave,-York,-ME-03909",73,73,73,73,73,73,1990.0,,,,,7405.0
"9708-Sw-Arikara-Dr,-Tualatin,-OR-97062",74,74,74,74,74,74,1989.0,2S126CD-11300,"COLUMBIA, LOT PT 45, ACRES 0.19",COLUMBIA,RL,8276.0
"11903-Sw-31st-Rd,-Gainesville,-FL-32608",75,75,75,75,75,75,2022.0,,,,,6465.0
"5420-River-Oaks-Blvd,-River-Oaks,-TX-76114",76,76,76,76,76,76,,,,,,
"1455-W-Ina-Rd,-Tucson,-AZ-85704",77,77,77,77,77,77,1976.0,102-09-4570,ORACLE HEIGHTS ESTATES LOT 388,ORACLE HEIGHTS ESTATES,,28356.0
"546-D-St,-Blaine,-WA-98230",78,78,78,78,78,78,1965.0,410131 099166 0000,CITY OF BLAINE LOTS 25-26 BLK 17 65 MARLETTE S#K152CDE50988 49X10,CITY OF BLAINE,RM6.0,6500.0
"12921-S-Tortoise-Ln,-Riverton,-UT-84096",79,79,79,79,79,79,2012.0,26-36-276-073,"LOT 528, WESTERN SPRINGS SUB PH 5 AMD. 10071-3401 10071-340210437-1102",WESTERN SPRINGS,1105,4792.0
"14654-S-Bloom-Dr,-Unit-302,-Herriman,-UT-84096",80,80,80,80,80,80,2019.0,33-07-427-144,"UNIT 302, SADDLEBROOK BUILDING K CONDOMINIUM 10699-1457 10800-9623",SADDLEBROOK CONDO BLDG K,8205,436.0
"2906-Medina-Dr,-Jonesboro,-GA-30236",81,81,81,81,81,81,1988.0,12-086D- C-051,LOT:7 CITY/MUNI/TWP:UNINCORPORATED CNTY W/FIRE SUBD:BOTANY WOODS,BOTANY WOODS,RS110,
"63-Macdougal-St,-Brooklyn,-NY-11233",82,82,82,82,82,82,1910.0,01524-0038,,,R6B,950.0
"455-W-Sunset-Dr,-Talladega,-AL-35160",83,83,83,83,83,83,1968.0,11-01-01-0-006-007.000,13.10 X 155.44' IRR PART LOT 1 BLK A ROCKY RIDGE LAKEFRONT S/D PB 4 PG 129 DESC AS: COM @ SE COR LOT 1; TH SW 192.76' TO POB;,ROCKY RIDGE LAKEFRONT SUB,,30492.0
"501-Peachtree-Club-Dr,-Peachtree-City,-GA-30269",84,84,84,84,84,84,1995.0,061128039,501 PEACHTREE CLUB DR,PEACHTREE CLUB CONDOS,,1307.0
"1109-Twin-Leaf-Ter,-Webster,-NY-14580",85,85,85,85,85,85,2002.0,265489 080.04-5-5,L24 TWP13 R4 CANDLEWOOD PARK SUB SEC 1 LOT 105 306-42,CANDLEWOOD PARK SEC 01,,10019.0
"400A-Larkin-Ct,-Warrensburg,-MO-64093",86,86,86,86,86,86,,,,,,
"8-Colonial-Dr,-Lexington,-NC-27292",87,87,87,87,87,87,1974.0,05-018-H-000-0090,P=10-49 L90-93 BK2427-677 COLONIAL HTS,COLONIAL HEIGHTS,RS,24310.0
"752-Guna-Dr,-New-Braunfels,-TX-78130",88,88,88,88,88,88,2012.0,1G-0135-600B-01800-000,AVERY PARK UNIT #6 BLOCK B LOT 18,AVERY PARK UNIT #6,,6120.0
"8405-Briarwood-Ln,-Austin,-TX-78757",89,89,89,89,89,89,1961.0,0241060703,LOT 3 BLK G NORTHTOWNE SEC 1,NORTHTOWNE SEC 1,,7928.0
"2517-S-Johnson-St,-New-Orleans,-LA-70125",90,90,90,90,90,90,1922.0,4-12-4-033-14,SQ 443 LOT 15 S JOHNSON 30X100 FILE #15078 2000 H/E RETURNED,,,3000.0
"2215-Opal-Field-Ln,-Richmond,-TX-77469",91,91,91,91,91,91,,,,,,
"244-Apollo-Dr,-Bumpus-Mills,-TN-37028",92,92,92,92,92,92,1970.0,,,,,56628.0
"1415-E-Wilt-St,-Philadelphia,-PA-19125",93,93,93,93,93,93,1920.0,18-1-1866-00,"157'11"" NW GAUL ST",,RSA5,1008.0
"2538-W-Division-St,-Chicago,-IL-60622",94,94,94,94,94,94,,,,,,
"4613-N-Bain-Ave,-Fresno,-CA-93722",95,95,95,95,95,95,2004.0,510-170-12,LOT 57 TRACT NO 5134,,RS4,7080.0
"Park-Part-8-Pl,-Lot-40,-Tiffin,-IA-52340",96,96,96,96,96,96,,,,,,9583.0
"3414-Denver-St,-Memphis,-TN-38127",97,97,97,97,97,97,1950.0,072-010- - -00045,LOT:65 DIST:O CITY/MUNI/TWP:MEMPHIS SUBD:MINOR TERRACE,MINOR TERRACE,R-6,13983.0
"28-Andrew-Dr,-Manahawkin,-NJ-08050",98,98,98,98,98,98,2014.0,31  00147-  37-00303,LOT:303 BLK:147.37 DIST:31 CITY/MUNI/TWP:STAFFORD TWP MAP REF:TAX MAP 149,,RR2A,4000.0
"1137-Odenton-Rd,-Odenton,-MD-21113",99,99,99,99,99,99,2019.0,04-000-05755400,1.04 ACRES 1137 ODENTON RD ODENTON,ACREAGE & UNREC PLATS,R5,45302.0
"250-Kensington-Rd,-Apt-31,-Berlin,-CT-06037",100,100,100,100,100,100,,,,,,
"1045-Delaware-Dr,-Carrollton,-TX-75010",101,101,101,101,101,101,2003.0,R249251,ESTATES OF INDIAN CREEK PH IA BLK A LOT 4,ESTATES OF INDIAN CREEK PH IA,,6974.0
"9504-Amberleigh-Ln,-Unit-R,-Perry-Hall,-MD-21128",102,102,102,102,102,102,2002.0,11-2400001453,UNIT 9504R PHASE 6A 9504R AMBERLEIGH LN SWS WNDSR CNDO @ PRY HL FRMS,WNDSR CNDO PRY HL FARMS,,1582.0
"8504-Ridgewood-Rd,-Unit-601,-Rock-Island,-IL-61201",103,103,103,103,103,103,1984.0,16-27-408-003,UNIT 601 WALNUT RIDGE CONDOS,WALNUT RIDGE CONDOS,RI,11326.0
"2313-E-26th-St,-Apt-9,-Erie,-PA-16510",104,104,104,104,104,104,,,,,,
"790-Boulder-Dr,-Bethel-Park,-PA-15102",105,105,105,105,105,105,1989.0,774-J-137,"DASHWOOD SOUTH #3-B PLAN #370 LOT= 76.805X 172.26X72.795 (OR 12,885 S F) BOULDER DR 2 STY ALUM SDG HSE #790",,,12885.0
"1729-Kent-St,-Los-Angeles,-CA-90026",106,106,106,106,106,106,,,,,,
"11915-Kirkbriar-Dr,-Houston,-TX-77089",107,107,107,107,107,107,1971.0,1030070000024,LT 24 BLK 7 SAGEMONT PARK SEC 1,SAGEMONT PARK,,7148.0
"1232-Westfield-Dr,-Maumee,-OH-43537",108,108,108,108,108,108,1987.0,36-61011,MEADOWWOOD HEIGHTS PL 4 LOT 304,MEADOWWOOD HEIGHTS PLACE 0,16-R2,8999.0
"10B-Idared-Ln,-Halfmoon,-NY-12065",109,109,109,109,109,109,,,,,,
"6822-26th-Ave-NE,-Seattle,-WA-98115",110,110,110,110,110,110,1921.0,815660-0190,SWANSONS 1ST ADD,SWANSONS 1ST ADD,SF 5000,5100.0
"2240-W-Broadway-Rd,-Ste-108,-Mesa,-AZ-85202",111,111,111,111,111,111,,,,,,
"3048-N-Bend-Rd,-Cincinnati,-OH-45239",112,112,112,112,112,112,1928.0,5500021001900,NORTH BEND RD 130 X 230 PT LOT 1 H LINGO SUB EASMT PAR 135 CONS,H LINGO SUB,,25962.0
"207-Midway-Ave,-Seaside-Park,-NJ-08752",113,113,113,113,113,113,1966.0,06  01690-  01-00004,LOT:4 BLK:1690.01 DIST:06 CITY/MUNI/TWP:BERKELEY TWP MAP REF:TAX MAP 137,PENINSULA PARK SEC 02A FINAL M,R315,3150.0
"334-High-St,-Rock-Hill,-SC-29730",114,114,114,114,114,114,1988.0,628-14-02-005,LOT 4 HIGH ST,EAST ROCK HILL REALTY CO,,43560.0
"98-Queensberry-St,-Apt-5,-Boston,-MA-02215",115,115,115,115,115,115,,,,,,
"4900-Schumacher-Rd,-High-Ridge,-MO-63049",116,116,116,116,116,116,1994.0,02-4.0-18.0-2-001-005.05,FISCHER STEINMAYER 2 AMEND LOT 2,FISCHER STEINMAYER 2 AMEND,LR-2,130680.0
"771-Tuggle-Hill-Rd,-Rogersville,-TN-37857",117,117,117,117,117,117,1992.0,037114    00200,"DISTRICT: 04, COUNTY AREA: Q01",BERTHA NURSE & ELLA K MANUEL P,,385506.0
"766-Hydrangea-Dr,-Vacaville,-CA-95687",118,118,118,118,118,118,2021.0,0138-083-210,RM BK 92 PG 40 LT 692 BRIGHTON LANDING VILLAGE 8,BRIGHTON LANDING VILLAGE 8,,6690.0
"1110-Mahogany-Way,-Apt-203,-Delray-Beach,-FL-33445",119,119,119,119,119,119,1978.0,12-43-46-19-16-089-2030,PINES OF DELRAY TEN COND BLDG 89 UNIT 203,PINES OF DELRAY COND,,43560.0
"6117-Calwood-Way,-Rockville,-MD-20852",120,120,120,120,120,120,1974.0,04-00085641,HERITAGE WALK,HERITAGE WALK,R200,18070.0
"3465-Brownsville-Rd-Ext,-Finleyville,-PA-15332",121,121,121,121,121,121,,,,,,
"9999-Ranch-Rd,-Laurens,-SC-29360",122,122,122,122,122,122,,,,,,1122977.0
"3347-Wiehle-St,-Philadelphia,-PA-19129",123,123,123,123,123,123,1991.0,38-2-2372-30,APPROX 1.494 SQ FT,ALON ENGINEERING ASSOC IN,RSA5,1494.0
"307-S-Center-St,-Weimar,-TX-78962",124,124,124,124,124,124,1935.0,1394001700500,"BLK 17 LT 7,8,S/2 5,6 WEIMAR HOUSE & BLDG",WEIMAR,,12001.0
"21-Eddings-Ln,-Alabaster,-AL-35007",125,125,125,125,125,125,1977.0,237350001016000,SEC/TWNSHP/RAN 35 21S 03W NBRHD: 02 MONTE TIERRA R-2,MONTE TIERRA 1ST ADDITION,,20487.0
"807-Montgomery-Ave,-Phoenixville,-PA-19460",126,126,126,126,126,126,1976.0,1512 00900100,LOT DWG & POOL,,NCR4,14850.0
"563-Marshall-Ave,-Reading,-PA-19606",127,127,127,127,127,127,1991.0,5317-20-90-8943,LOT:2 BLK:90 DIST:23 CITY/MUNI/TWP:LOWER ALSACE TWP MAP REF:235317,DOUGLAS M WYNNE,,3920.0
"4365-Blackhawk-Dr,-Willits,-CA-95490",128,128,128,128,128,128,,1473330101,,RIDGEWOOD PARK #3,,
"7515-Broadmoor-Cv,-Temple,-TX-76502",129,129,129,129,129,129,2020.0,478472,"NORTH GATE PHASE II, BLOCK 001, LOT 0020, 0.165AC 0.165AC",NORTH GATE PHASE II,,7187.0
"1700-Carver-Ave,-Richmond,-TX-77469",130,130,130,130,130,130,2017.0,1855000040190901,"BRAZOS TERRACE, BLOCK 4, LOT 19",BRAZOS TERRACE,,4752.0
"188-Railroad-St,-Apt-3,-Manville,-RI-02838",131,131,131,131,131,131,,,,,,
"1000-Kings-Hwy,-Unit-74,-Punta-Gorda,-FL-33980",132,132,132,132,132,132,1978.0,40-23-07-133-925,PCV 000 0000 0074 PORT CHARLOTTE VILLAGE UNIT 74 RP407360-61 1077/820 DC1588/1379 2620/671 3275/506 4061/2051 4220/2147,PORT CHARLOTTE,MHP MOBILE HOME PARK,1649.0
"209-S-Prospect-Ave,-Apt-101,-Redondo-Beach,-CA-90277",133,133,133,133,133,133,,,,,,
"1022-Level-Creek-Rd,-Apt-207,-Sugar-Hill,-GA-30518",134,134,134,134,134,134,,,,,,
"9427-Kimmel-Ln,-Charlotte,-NC-28216",135,135,135,135,135,135,1998.0,02531241,UNIT 41 L11 M29-304,TOWNE MDWS UN 43 PH 02 MAP 02,R-17MF(CD),4140.0
"1293-N-River-Rd,-Apt-122,-Denham-Springs,-LA-70726",136,136,136,136,136,136,,,,,,
"361-Wilson-Ave,-Lyndhurst,-NJ-07071",137,137,137,137,137,137,1956.0,32  00187-0000-00040,LOT:40 BLK:187 DIST:32 CITY/MUNI/TWP:LYNDHURST TWP,,,5001.0
"1834-Santa-Fe,-Lewisville,-TX-75077",138,138,138,138,138,138,1980.0,R08200,LEWISVILLE VALLEY 3 BLK H LOT 11A,LEWISVILLE VALLEY 3,,7588.0
"3420-Donner-Trl,-Wake-Forest,-NC-27587",139,139,139,139,139,139,1991.0,1748.01-49-0215 0175435,LO145 DEERCHASE PH4 BM1988-1569,DEERCHASE PH 4,R-30,30492.0
"1-Smeton-Pl,-Apt-102,-Towson,-MD-21204",140,140,140,140,140,140,,09-1600014730,UNIT 102 1 SMETON PL DULANEY TOWERS HI-RISE,DULANEY TOWERS HI-RISE CONDO,,
"413-4th-St-E,-Jasper,-MN-56144",141,141,141,141,141,141,1920.0,,,,,11238.0
"3160-W-Shawn-Way,-Lot-547,-Ash-Fork,-AZ-86320",142,142,142,142,142,142,,,,,,98881.0
"PO-Box-1050,-Wrightsville-Beach,-NC-28480",143,143,143,143,143,143,,,,,,
"131-S-2460-W,-Hurricane,-UT-84737",144,144,144,144,144,144,2005.0,,,,,10019.0
"912-N-19th-St,-Mcallen,-TX-78501",145,145,145,145,145,145,1973.0,A6300-00-000-0004-00,ATHEL ANNEX LOT 4,ATHEL ANNEX - SML,RS,6225.0
"24217-Ne-136th-St,-Excelsior-Springs,-MO-64024",146,146,146,146,146,146,1900.0,12-104-00-01-001-00,SCOTT ACRES PT LT 1 LYING IN 8-52-30,SCOTT ACRES,,102802.0
"850-Big-Five-Rd,-Spc-40,-Pahrump,-NV-89048",147,147,147,147,147,147,,,,,,
"1441-Sterns-Dr,-Leesburg,-FL-34748",148,148,148,148,148,148,,,,,,
"337-S-Prospect-St,-Marion,-OH-43302",149,149,149,149,149,149,1912.0,12-304020.3600,H PETERS 2ND LOT 286 MAP 95 PG 4 IRREG,HENRY PETERS ADD 02,,5661.0
"1827-Red-Elm,-San-Antonio,-TX-78227",150,150,150,150,150,150,2000.0,15494-005-0280,NCB 15494 BLK 5 LOT 28 MARBACH GARDENS SUBD UT-3,MARBACH GARDENS SUBD,,6403.0
"5-Vickilee-Dr,-Wrightsville,-PA-17368",151,151,151,151,151,151,1998.0,60-000-JL-0092.M0-00000,LOT 31; PLAN PP-13,MAPLE RDG DEV PH 2,R,14375.0
"668-Lpga-Blvd,-Apt-1203,-Daytona-Beach,-FL-32117",152,152,152,152,152,152,,,,,,
"125-N-Saxony-Dr,-Olathe,-KS-66061",153,153,153,153,153,153,,,,,,
"County-4470-Rd,-Lot-1,-Ozone,-AR-72854",154,154,154,154,154,154,,,,,,130680.0
"1160-Se-40th-Ave,-Hillsboro,-OR-97123",155,155,155,155,155,155,1977.0,1S204DB-00904,"VIRGINIA PLACE, LOT PT 28, ACRES 0.23",VIRGINIA PLACE,SFR-10,10019.0
"12313-Foxmoor-Peak-Dr,-Riverview,-FL-33579",156,156,156,156,156,156,2006.0,U05312079C000008000060,PANTHER TRACE PHASE 1TOWNHOMES LOT 6 BLOCK 8,PANTHER TRACE PHASE 1 TOWNHOMES,PD,
"PO-Box-2471,-Columbia,-SC-29202",157,157,157,157,157,157,,,,,,
"11911-Wake-Bluff-Dr,-Raleigh,-NC-27614",158,158,158,158,158,158,2008.0,1729.04-64-2819 0343607,LO69 RIVER RUN PH2 BM2006-00766,RIVER RUN,R-4,12632.0
"4065-E-Erie-St,-Unit-102,-Gilbert,-AZ-85295",159,159,159,159,159,159,2018.0,304-97-608,FINCHER FIELDS MULTI-FAMILY MCR 1356-20 AMD AKA MCR 1331-09,FINCHER FIELDS MULTI-FAMILY AMD,MF/M,1144.0
"22262-Buffalo-Ave,-Port-Charlotte,-FL-33952",160,160,160,160,160,160,1988.0,40-22-23-334-019,PCH 007 0526 0009 PORT CHARLOTTE SEC7 BLK526 LT9 PROB 77-197 225/513 DC553/978 PRB 83-281 747/595 794/1048 940/918 1834/1797,PORT CHARLOTTE,RSF3.5 SINGLE FAM. RES.,10000.0
"728-Ocean-Ave,-Monterey,-CA-93940",161,161,161,161,161,161,,,,,,
"106-Sugarcreek-Ct,-Grovetown,-GA-30813",162,162,162,162,162,162,1986.0,068 140,2.72 ACS; SUGARCREEK SECT 1,SUGAR CREEK,R-2;GENERAL RES DISTR,118483.0
"361-17th-St-NW,-Unit-1016,-Atlanta,-GA-30363",163,163,163,163,163,163,2005.0,17 010800012299,LOT 1016 ATLANTIC 17TH CONDO,ATLANTIC 17TH,C4C,1119.0
"221-W-Vine-St,-Bartow,-FL-33830",164,164,164,164,164,164,2004.0,253007401500000013,DUDLEYS 1ST ADD PB 6 PG 46 LOT 1 N 115 FT OF W 94 FT OF E 315 FT,DUDLEYS 1ST ADDITION,R-2,10807.0
"3569-E-Portland-Ave,-Tacoma,-WA-98404",165,165,165,165,165,165,1924.0,0320151045,SECTION 15 TOWNSHIP 20 RANGE 03 QUARTER 12 N 12 OF N 12 OF NE OF NW OF NE EXC .11 AC ALG A SMALL CREEK ACROSS E END STRIP 32,CREEK,R2,108029.0
"3130-Mangum-Rd,-Apt-39,-Houston,-TX-77092",166,166,166,166,166,166,,,,,,
"26350-Cat-Tail-Dr,-Unit-203,-Galveston,-TX-77554",167,167,167,167,167,167,2005.0,5473-0006-0203-000,"OCEAN CLUB VILLAS CONDOS (2008) ABST 121, BUILDING 6, UNIT 203, 0.6293% COMMON AREA INTEREST",OCEAN CLUB VILLAS CONDOS,,1429.0
"10512-Woodstock-Rd,-Odessa,-FL-33556",168,168,168,168,168,168,1975.0,U092717001000000060300,KEYSTONE PARK COLONY BEG AT A POINT 560 FT N AND 423 FT E OF SW COR OF NE 1/4 OF NE 1/4 AND RUN S 89 DEG 35 MIN E 110 FT S 27,KEYSTONE PARK COLONY SUB,AR,20900.0
"520-Sandra-Dr,-Oxford,-OH-45056",169,169,169,169,169,169,1969.0,,,,,15246.0
"1697-Village-Ave,-Garnet-Valley,-PA-19060",170,170,170,170,170,170,2007.0,03-00-00533-06,DIST:03 CITY/MUNI/TWP:BETHEL TWP. MAP REF:03-24 -087-046,LAND DEV FOXFIELD PLAN,,7292.0
"12389-Wade-St,-Detroit,-MI-48213",171,171,171,171,171,171,1939.0,21006264.,"N WADE 589 RAVENDALE SUB NO 1 L46 P72 PLATS, W C R 21/688 40 X 110",RAVENDALE SUB,R2,4356.0
"3713-W-56th-Pl,-Chicago,-IL-60629",172,172,172,172,172,172,1959.0,19-14-114-019,JAS H (CAMPBELLS) ADD TO (CHICAGO) SUB OF EX E 50 FT NW SEC 14-38-13,CAMPBELLS ADD TO CHICAGO,,3125.0
"14601-Keystone-Ave,-Apt-C1,-Midlothian,-IL-60445",173,173,173,173,173,173,1965.0,28-10-229-040-1009,DIST:13 CITY/MUNI/TWP:BREMEN SEC/TWN/RNG/MER:SEC 10 TWN 36N RNG 13E,KEYSTONE CREEKSIDE CONDOS,,13957.0
"8413-S-20th-St,-Phoenix,-AZ-85042",174,174,174,174,174,174,2001.0,301-36-047,MOUNTAIN COVE AT SOUTH MOUNTAIN MCR 531-48,MOUNTAIN COVE AT SOUTH MOUNTAIN,R-6,6750.0
"1500-Speight-Ave-Apt-C,-Waco,-TX-76706",175,175,175,175,175,175,,,,,,
"38-Pheasant-Run,-Old-Tappan,-NJ-07675",176,176,176,176,176,176,,,,,,
"131-N-Grant-Ave,-Apt-1,-American-Fork,-UT-84003",177,177,177,177,177,177,,,,,,
"10-Mira-Loma,-New-Braunfels,-TX-78130",178,178,178,178,178,178,1984.0,35-0490-0000-01,"MISSION OAKS CANYON, TRACT B-1",MISSION OAKS CANYON,,102889.0
"2861-Thaxton-Dr,-Apt-48,-Palm-Harbor,-FL-34684",179,179,179,179,179,179,1993.0,17-28-16-91540-000-0480,TOWNHOMES OF COUNTRYSIDE LOT 48,TOWNHOMES OF COUNTRYSIDE,,
"4120-W-Cullerton-St,-Chicago,-IL-60623",180,180,180,180,180,180,1910.0,16-22-416-015,LOT 10 & 26 IN BLK 7 IN T P PHILLIP S EQUITABLE LAND ASSOCIATION ADD T O CHICAGO SE4 OF SEC22 T39N R13E 3P,T P PHILLIPS EQUITABLE LAND AS,,3750.0
"11625-W-Atlantic-Blvd,-Apt-36,-Coral-Springs,-FL-33071",181,181,181,181,181,181,,,,,,
"3403-N-Garrison-St,-Tampa,-FL-33619",182,182,182,182,182,182,2020.0,A1029194BX000027000140,GRANT PARK LOT 14 BLOCK 27,GRANT PARK,RM-16,5350.0
"23W255-Woodcroft-Dr,-Glen-Ellyn,-IL-60137",183,183,183,183,183,183,1969.0,05-27-406-016,FOXCROFT UNIT 3,FOXCROFT UNIT 03,R,13504.0
"6940-Harding-Ave,-Apt-4,-Miami-Beach,-FL-33141",184,184,184,184,184,184,,,,,,
"366-S-Saint-Clair-St,-Painesville,-OH-44077",185,185,185,185,185,185,1880.0,15-B-005-0-00-010-0,LOT 12 TRACT 2 PART OF LOT 65 & 66,R MATHEWS & HITCHCOCK ADD,R-1,6074.0
"29141-Us-Hwy,-19-N-Unit-80,-Clearwater,-FL-33761",186,186,186,186,186,186,,,,,,
"163-Westpoint-Dr,---170,-Carlisle,-PA-17013",187,187,187,187,187,187,,,,,,
"1718-E-Primera-Dr,-Casa-Grande,-AZ-85122",188,188,188,188,188,188,2006.0,505-87-5270,MISSION VALLEY PHASE 3A LOT 524,MISSION VALLEY PHASE 3A,,7841.0
"1203-Se-53rd-Ave,-Portland,-OR-97215",189,189,189,189,189,189,1912.0,1S2E06AC 09100,"SEWICKLY ADD, BLOCK 8, LOT 26",SEWICKLY ADD,R5,4100.0
"1470-Swamp-Ln,-Geneva,-FL-32732",190,190,190,190,190,190,1981.0,01-20-31-5UR-0000-0180,SEC 01 TWP 20S RGE 31E LOTS 18 + 19 LAKE JESSUP HEIGHTS UNRECD PLAT,LAKE JESSUP HEIGHTS UNRECD,,46174.0
"920-Kinderkamack-Rd,-Apt-Rear,-River-Edge,-NJ-07661",191,191,191,191,191,191,,,,,,
"5882-Sir-Edward-Ln,-Florissant,-MO-63033",192,192,192,192,192,192,1970.0,08F-4-1-048-9,HEATHERTON PLAT 1 & LOT PT 18,HEATHERTON PLAT 1,R3,10825.0
"4232-W-Stiles-St,-Philadelphia,-PA-19104",193,193,193,193,193,193,1915.0,06-2-1851-00,278' W 42 ST,,RSA5,1360.0
"763-Peavy-Rd,-Dallas,-TX-75218",194,194,194,194,194,194,2008.0,006133000111C0000,PEAVY CASE BLK 1/6133 LT 11C ACS 0.601 INT202000208791 DD07242020 CO-DC 6133 001 11C00 1DA6133 001,PEAVY CASE,Z298,26179.0
"8306-Sw-59th-Ter,-Ocala,-FL-34476",195,195,195,195,195,195,2021.0,35625-00-110,SEC 16 TWP 16 RGE 21,,R1,8276.0
"414-E-Pine-St,-Apt-212,-Orlando,-FL-32801",196,196,196,196,196,196,,,,,,
"637-Preston-St,-Columbus,-TX-78934",197,197,197,197,197,197,1920.0,1062000100600,BLK 1 LT PT S-6 COLUMBUS HOUSE & GARAGE,COLUMBUS,,4783.0
"3207-Merrick-Dr,-Peachtree-City,-GA-30269",198,198,198,198,198,198,,,,,,
"640-N-Park-Ave,-Apt-29,-Winter-Park,-FL-32789",199,199,199,199,199,199,1956.0,06-22-30-6651-00-290,PARK AIRE CONDO CB 15/146 UNIT 29 SEE 3644/2015,PARK-AIRE CONDO,R-3,24394.0
"PO-Box-293,-Surfside,-CA-90743",200,200,200,200,200,200,,,,,,
"3893-Big-Mountain-Eagle-302-Rd,-Unit-Morning,-Whitefish,-MT-59937",201,201,201,201,201,201,,,,,,
"3400-Stevenson-Blvd,-Apt-B32,-Fremont,-CA-94538",202,202,202,202,202,202,,,,,,
"21-Woodlee-Rd,-Apt-206,-Staunton,-VA-24401",203,203,203,203,203,203,,,,,,
"950-Allen-Ave,-Donora,-PA-15033",204,204,204,204,204,204,,,,,,
"5205-Allen-St,-Unit-G,-Houston,-TX-77007",205,205,205,205,205,205,2020.0,1401450010007,LT 7 BLK 1 ALLEN STREET PARK SEC 2,,,1620.0
"2278-Baldwin-Mill-Rd,-Fallston,-MD-21047",206,206,206,206,206,206,1991.0,,,,,126324.0
"214-Election-St,-Benton,-IL-62812",207,207,207,207,207,207,,0818338004,SEC TWP RNG W W MCFALLS 2ND ADD LOT 6 BLK A,G W W MCFALLS 2ND ADD,,
"10796-Sw-24th-St,-Miami,-FL-33165",208,208,208,208,208,208,,,,,,
"6101-W-Business-83,-Lot-57,-Harlingen,-TX-78552",209,209,209,209,209,209,,,,,,
"20112-10th-Dr-SE,-Bothell,-WA-98012",210,210,210,210,210,210,1971.0,00624000003500,"WEILANDS, G A, 1ST ADD BLK 000 D-00 - LOT 35 SUBJ ESE PUD",WEILAND S  G A  1ST ADD,SS,10454.0
"250-Martins-Lndg,-Apt-110,-North-Reading,-MA-01864",211,211,211,211,211,211,2022.0,,,,,
"18959-E-Montana-Dr,-Aurora,-CO-80017",212,212,212,212,212,212,1983.0,1975-22-3-21-019,SUBDIVISIONCD 059919 SUBDIVISIONNAME STONE RIDGE PARK SUB 10TH FLG BLOCK 004 LOT 019 LOT 19 BLK 4 STONE RIDGE PARK SUB 10TH,STONE RIDGE PARK SUB 10TH FLG,PUD,6273.0
"34-Northport-Ave,-Belfast,-ME-04915",213,213,213,213,213,213,,,,,,15246.0
"Sparks-Mill-At-Rt-213-N-Church-Hill-Rd,-Centreville,-MD-21617",214,214,214,214,214,214,,,,,,
"51-Walnut-St,-Apt-3,-Waterbury,-CT-06702",215,215,215,215,215,215,,,,,,
"1333-Heulu-St,-Apt-903,-Honolulu,-HI-96822",216,216,216,216,216,216,,,,,,
"12526-S-Lowe-Ave,-Chicago,-IL-60628",217,217,217,217,217,217,1950.0,25-28-318-064,LOT 12 EXCEPT S 6.30 FT S 17.88 FT OF LOT 11 IN BLK 10 IN SECOND ADD T O WEST PULLMAN W2 SW4 OF SEC28 T...,SECOND ADD WEST PULLMA,,4499.0
"7748-Danube-St,-Indianapolis,-IN-46239",218,218,218,218,218,218,2012.0,49-10-25-118-016.000-300,HANOVER SEC 2 L 112,HANOVER SEC 2,ZO01,7231.0
"454-Randolph-St-NW,-Washington,-DC-20011",219,219,219,219,219,219,1915.0,3236      0058,SQUARE 3236 LOT 0058 NBHD: PETWORTH,PETWORTH,RF-1,1923.0
"3073-Bayshore-Dr,-Tallahassee,-FL-32309",220,220,220,220,220,220,1980.0,11-02-50- CD-005-0,KILLEARN ESTATES UNIT 18 (AKA TREE HARBOR) LOT 5 BLOCK CD OR 1406/1787,KILLEARN ESTATES,,5663.0
"43531-Acacia-Ave,-Spc-9,-Hemet,-CA-92544",221,221,221,221,221,221,,,,,,
"3913-Roan-Ct-W,-West-Palm-Beach,-FL-33403",222,222,222,222,222,222,,,,,,
"1313-Robinhood-Rd,-Wilmington,-NC-28401",223,223,223,223,223,223,1987.0,R06006-004-010-000,LOT SEC 2 SHERWOOD FOREST,SHERWOOD FOREST SEC 2,"R-10,RESIDENTIAL DISTRICT",22477.0
"6991-Raburn-Rd,-Pensacola,-FL-32526",224,224,224,224,224,224,2003.0,23-1S-31-4000-020-004,LT 2 BLK D CRYSTAL CREEK 2ND ADDITION PB 17 P 33/33A OR 8002 P 998,CRYSTAL CREEK,MDR,8756.0
"316-Reed-Rd,-New-Market,-AL-35761",225,225,225,225,225,225,1987.0,08-07-36-0-001-022.000,LOT 10 BLK 1 BELLWOOD ACRES,BELLWOOD ACRES,,101451.0
"836-Belmont-St,-Watertown,-MA-02472",226,226,226,226,226,226,1920.0,WATE M:0402 B:0010A L:0000,BLK:10A CITY/MUNI/TWP:WATERTOWN,,T,6334.0
"PO-Box-5109,-Anaheim,-CA-92814",227,227,227,227,227,227,,,,,,
"123-Stoneybrook-Rd,---B,-Salisbury,-NC-28147",228,228,228,228,228,228,1979.0,468A118,L33,STONEYBROOK SECTION ONE,RS,20909.0
"2905-Mitchellville-Rd,-Ste-102,-Bowie,-MD-20716",229,229,229,229,229,229,,,,,,
"332-Wilson-Way,-Chowchilla,-CA-93610",230,230,230,230,230,230,1956.0,002-070-056-000,VERNAIRD SUB LOT 24,VERNAIRD SUB,,11325.0
"1115-Cordova-St,-Apt-117,-Pasadena,-CA-91106",231,231,231,231,231,231,,,,,,
"796-Mckee-Rd,-Harvest,-AL-35749",232,232,232,232,232,232,1976.0,06-02-09-0-002-011.000,SEC 9 T2S R2W BEG E 1379.06 FT & S 35 FT FR CEN OF W BDY OF SEC 9 TH E 208.71 FT TH S 208.71 FT TH W 208.71 FT TH N 208.71 FT,,,43560.0
"11840-Calabash-Ave,-Fontana,-CA-92337",233,233,233,233,233,233,1981.0,0236-311-03-0000,TRACT 10523 LOT 38,10523,,30600.0
"1703-Sw-101st-Way,-Miramar,-FL-33025",234,234,234,234,234,234,1999.0,51-41-19-08-5000,AVALON 160-4 B LOT 9 BLK E,AVALON 160-4 B,PUD,2009.0
"8019-Hayes-St-NE,-Minneapolis,-MN-55432",235,235,235,235,235,235,1988.0,01-30-24-42-0056,LOT 14 BLK 2 SPRING LAKE ESTATES SUBJ TO EASE OF REC,SPRING LAKE ESTATES,,14619.0
"45546-Aladdin-St,-Apt-D104,-Indio,-CA-92201",236,236,236,236,236,236,1980.0,608-193-028,UNIT D104 CM 029/066 INT IN COMMON TR 14921 MB 109/014,SUN CASTLE CONDOMINIUM,R2,855.0
"1476-Goodfellow-Blvd,-Saint-Louis,-MO-63112",237,237,237,237,237,237,1910.0,38190900600,C. B. 3819WA GOODFELLOW 37 FT 6 IN X 185 FT / 183 FT GAMBLES 2ND ADDN LOT PT 10-11 BND N-194 FT 10 IN S OF EASTON,GAMBLES ADD 02,C,7711.0
"3221-Winding-Rd,-Partlow,-VA-22534",238,238,238,238,238,238,,,,,,
"240-E-47th-St,-Apt-17B,-New-York,-NY-10017",239,239,239,239,239,239,1982.0,01320-1102,,DAG HAMMARSKJOLD TOWER CONDO,C1-9,
"106-E-Monroe-St,-Pauls-Valley,-OK-73075",240,240,240,240,240,240,,,,,,
"1037-Bethany-Church-Rd,-Winston-Salem,-NC-27107",241,241,241,241,241,241,1977.0,13-016-A-000-0004,P=16-198 L4 BK2177-1213 LINDSAY AC SE,LINDSEY ACRES SEC I,RS,37927.0
"201-E-27th-St,-Long-Beach-Township,-NJ-08008",242,242,242,242,242,242,2007.0,18  00006-  08-00001,40X100,BEACH HAVEN GARDENS,R-50,4000.0
"1160-Great-River-Pkwy-SE,-Lawrenceville,-GA-30045",243,243,243,243,243,243,2001.0,,,,,
"8950-Timothy-Ct,-Orland-Park,-IL-60462",244,244,244,244,244,244,1974.0,27-03-404-014,DIST:28 CITY/MUNI/TWP:ORLAND SEC/TWN/RNG/MER:SEC 03 TWN 36N RNG 12E,CLEARVIEW ESTATES 02,,15873.0
"1027-Sw-28th-St,-Oklahoma-City,-OK-73109",245,245,245,245,245,245,1948.0,10-842-7220,HIGGINS HEIGHTS ADD 017 000 LOTS 35 & 36,HIGGINS HEIGHTS ADD,,7013.0
"2008-Julia-Ave,-Henderson,-NC-27536",246,246,246,246,246,246,1965.0,0067 05003,2008 JULIA AVE 0,,,
"3675-Chimney-Ridge-Ct,-Ellenwood,-GA-30294",247,247,247,247,247,247,1984.0,15 029 05 007,CITY/MUNI/TWP:UNINCORPORATED,CHIMNEY RIDGE,R100,13068.0
"29-Quaker-Rd,-Pennsville,-NJ-08070",248,248,248,248,248,248,1970.0,09  03726-0000-00004,LOT:4 BLK:3726 DIST:09 CITY/MUNI/TWP:PENNSVILLE TWP MAP REF:TAX MAP 48,,1,12001.0
"11255-Fairford-Ave,-Norwalk,-CA-90650",249,249,249,249,249,249,1951.0,8019-009-013,TRACT # 16361 LOT 211,16361,NOR1*,8808.0
"8217-Aylesbury-Ave,-Las-Vegas,-NV-89129",250,250,250,250,250,250,1996.0,138-09-413-053,NORTHSHORES-PHASE 1 LOT G UNIT 1 PLAT BOOK 67 PAGE 81 LOT 3 BLOCK 1,NORTHSHORES-PHASE 1 LOT G UNIT 1,,3920.0
"22W517-Parkview-Dr,-Glen-Ellyn,-IL-60137",251,251,251,251,251,251,1994.0,05-26-307-079,GARY KING COUNTY CLERK ASSESSMENT PLAT OF ARBORETUM ESTATES UNIT 52,GARY KING COUNTY CLERK ASSESSM,R,3049.0
"4286-Mary-Ridge-Dr,-Randallstown,-MD-21133",252,252,252,252,252,252,1986.0,02-1800009074,.2202 AC 4286 MARY RIDGE DR OLDE MILL ESTATES,OLDE MILL ESTATES,,9593.0
"1141-Norton-Dr,-Far-Rockaway,-NY-11691",253,253,253,253,253,253,1950.0,15728-0062,LOT:62 BLK:15728,,R2,4042.0
"3725-W-Nancy-Ln,-Phoenix,-AZ-85041",254,254,254,254,254,254,2005.0,105-90-839,VISTA RIO MCR 650-47,VISTA RIO,R-8,6050.0
"3490-Trophy-Lake-Pl,-Pagosa-Springs,-CO-81147",255,255,255,255,255,255,,,,,,1528520.0
"477-Madeline-Dr,-Pasadena,-CA-91105",256,256,256,256,256,256,1956.0,5718-015-035,BUSCH GARDENS TR*FOR DESC SEE ASSESSOR'SMAPS*POR OF LOT 2,BUSCH GARDEN TRACT,PSR4,18556.0
"21531-E-Aberdeen-Dr,-Centennial,-CO-80015",257,257,257,257,257,257,1984.0,2073-23-1-12-012,SUBDIVISIONCD 048673 SUBDIVISIONNAME PARKBOROUGH SUB 4TH FLG BLOCK 002 LOT 023 LOT 23 BLK 2 PARKBOROUGH SUB 4TH FLG EX 1/2,PARKBOROUGH SUB 4TH FLG,PUD,9845.0
"5637-Ridgewood-St,-Philadelphia,-PA-19143",258,258,258,258,258,258,1925.0,51-3-2463-00,292'W 56TH ST,,RSA5,1040.0
"17806-N-134th-Dr,-Sun-City-West,-AZ-85375",259,259,259,259,259,259,1979.0,232-06-120,SUN CITY WEST UNIT 8 MCR 203-36,SUN CITY WEST 8,R-7,9000.0
"82-S-Broadway,-Frostburg,-MD-21532",260,260,260,260,260,260,1920.0,28-006977,82-84 BROADWAY LOT 5 BLK 3 50X165 BEALLS 1ST,BEALLS ADD 01,RO,8250.0
"1255-N-Arizona-Ave,-Unit-1114,-Chandler,-AZ-85225",261,261,261,261,261,261,2020.0,302-40-289,TRE VICINO CONDOMINIUM MCR 1352-12 UNIT 1114 PLEASE NOTE: FOR LEGAL DESCRIPTION REFERENCE REGARDING THE PERCENTAGE OF OWNERS,TRE VICINO CONDOMINIUM,PAD,305.0
"805-Parkland-Pl,-Glen-Allen,-VA-23059",262,262,262,262,262,262,2004.0,745-768-3042,JAMERSON PARK SC A BL A LT 3,JAMERSON PARK,RTHC,2761.0
"836-85th-St,-Miami-Beach,-FL-33141",263,263,263,263,263,263,1952.0,02-3203-011-2190,BISCAYNE BEACH-2ND ADDN PB 46-39 LOT 2 BLK 18 LOT SIZE 5761 SQ FT OR 21237-4355 04 2003 1 COC 23765-3970 08 2005 6,BISCAYNE BEACH 2ND ADDN,"3900:MULTI-FAM,38-62 U/A",5761.0
"5945-W-Parker-Rd,-Apt-2238,-Plano,-TX-75093",264,264,264,264,264,264,,,,,,
"4400-Spring-Harbor-Dr,-Millington,-TN-38053",265,265,265,265,265,265,1979.0,D01-37 - -C-00004,NS SPRING HARBOR DR,RALEIGH NORTH SEC C,R-8,8668.0
"1217-S-Gertruda-Ave,-Redondo-Beach,-CA-90277",266,266,266,266,266,266,1950.0,7510-014-019,TRACT # 14678 LOT 98,14678,RBR-1,6238.0
"17609-Fox-Ct,-Weed,-CA-96094",267,267,267,267,267,267,2006.0,107-450-560-000,MOTA PAR PER BLA REC 10/21/16 OR 16-0010446 (LOTS 162 & 163 OF LAKE SHASTINA TRACT 1000-7-2 AS REC IN TMB 5-95 ON 12-15/71),LAKE SHASTINA,,20908.0
"3440-Highway,-111,-Anacoco,-LA-71403",268,268,268,268,268,268,,,,,,
"1413-Hunningdon-Woods-Blvd,-Chesapeake,-VA-23320",269,269,269,269,269,269,1989.0,0387001001000,100 HUNNINGDON WOODS SEC 1,"HUNNINGDON WOODS, LAKES",R12S: RESIDENTIAL,12458.0
"708-S-Benton-St,-Cape-Girardeau,-MO-63703",270,270,270,270,270,270,1920.0,211100035011000000,W1/2 LOT 13 BLK 6 GIB-HOUCK 3RD,GIB-HOUCK 3RD,,3746.0
"211-Simsbury-Ln,-Forest,-VA-24551",271,271,271,271,271,271,1979.0,242 09 005,"FOREST DALE, SEC 1, LOT 22",FOREST DALE,R1,15420.0
"109-Lindsey-Ct,-Franklin-Park,-NJ-08823",272,272,272,272,272,272,1988.0,08  00034-  08-00009-  01-C0346,LOT:9.01 BLK:34.08 DIST:08 CITY/MUNI/TWP:FRANKLIN TWP MAP REF:TAX MAP 2411,,CR,
"2517-Pineapple-Ave,-Melbourne,-FL-32935",273,273,273,273,273,273,1997.0,27-37-09-00-00517.0-0000.00,PART OF LOT 2 AS DES IN ORB 459 PG 623,ACREAGE & UNREC,R1A,10890.0
"9514-Pondside-Ln,-Charlotte,-NC-28213",274,274,274,274,274,274,1987.0,051-291-16,L16 M21-580,PONDSIDE/FAIRES FARM,R-12(CD),18295.0
"2991-Marshfield-Preserve-Way,-Kissimmee,-FL-34746",275,275,275,275,275,275,2007.0,202629293400010010,CONCORDE ESTATES PHASE IIA PB 19 PG 55-64 LOT 1,CONCORD ESTATES PHASE IIA,PD,9888.0
"2414-1-2-E-10th-St,-Indianapolis,-IN-46201",276,276,276,276,276,276,,,,,,
"4342-S-Saint-Louis-Ave,-Chicago,-IL-60632",277,277,277,277,277,277,1928.0,19-02-401-039,,ARCHER & KEDZIE AVENUE/W H BEL,,3270.0
"2323-Southern-Oak-Dr,-Apt-2078,-Arlington,-TX-76011",278,278,278,278,278,278,,,,,,
"7817-Opal-Dr,-Chattanooga,-TN-37416",279,279,279,279,279,279,1964.0,129F F  012,LT 25 PT LT 24 WASHINGTON HILLS UNI T NO 6 PB 23 PG 13,WASHINGTON HILLS UNI,R1,33088.0
"3736-N-Beehive-St,-Coeur-D-Alene,-ID-83815",280,280,280,280,280,280,2002.0,C07840040020,"BLUEGRASS MEADOWS EST 2ND ADD, LT 2 BLK 4 0150N04W",MEADOWS,,5532.0
"20-Walts-Hl,-Bloomfield,-CT-06002",281,281,281,281,281,281,1986.0,BLOO M:452 L:3015,LOT:3015 CITY/MUNI/TWP:BLOOMFIELD,,R-30,27007.0
"1181-60th-Ave,-Oakland,-CA-94621",282,282,282,282,282,282,1922.0,41-3893-5,MAP 25 PG 35 BLK 15 LOT 31,EASTLAWN,,4000.0
"PO-Box-279,-Elrama,-PA-15038",283,283,283,283,283,283,,,,,,
"1100-N-Washington-Ave-Apt-J,-Douglas,-AZ-85607",284,284,284,284,284,284,,,,,,
"1100-W-81st-Pl,-Los-Angeles,-CA-90044",285,285,285,285,285,285,1929.0,6033-017-010,TRACT # 8933 E 40 FT OF LOT 135,8933,LAR1,4081.0
"13-Milford-Ln,-Glen-Cove,-NY-11542",286,286,286,286,286,286,1956.0,30-067-00-0002,TOWN #4 SCH DIST 005,,,10100.0
"1601-Ponderosa-Dr,-Jefferson-City,-TN-37725",287,287,287,287,287,287,,,,,,
"34455-Hazelwood-St,-Westland,-MI-48186",288,288,288,288,288,288,1988.0,56 063 01 0331 004,21C331A2 332A1 W 40 FT LOT 331 ALSO E 25 FT LOT 332 EXC N 10 FT THEREOF ALSO ADJ VAC ALLEY 10FT WD MAPLEWOOD ESTATES SUB T2S,MAPLEWOOD ESTATES SUB,,8276.0
"4643-Chetwood-Ln-SW,-Albuquerque,-NM-87105",289,289,289,289,289,289,1971.0,1-010-052-515-263-1-05-05,* 20A 009VALLEY GARDENS S REPL L 16-19 BLK 5 & L 11-14 BLK 7 & L 20-24 BLK 9 & BLK,VALLEY GARDEN SOUTH,,8233.0
"6909-Juniper-Rd,-Little-Rock,-AR-72209",290,290,290,290,290,290,1960.0,44L-211-00-312-00,,CLOVERDALE,,13068.0
"4138-Gregory-St,-Oakland,-CA-94619",291,291,291,291,291,291,1953.0,30-1850-21,SUBD:ANDERSON BROS TRACT,ANDERSON BROS TRACT,,5830.0
"147-Westmoreland-Rd,-Whitesboro,-NY-13492",292,292,292,292,292,292,1959.0,307089 305.009-6-89,,,01 - NOT ZONED,10324.0
"2130-Park-Vlg,-Denison,-TX-75020",293,293,293,293,293,293,2001.0,D045 3354002,"PARK VILLAGE ADDN SEC ONE, BLOCK 2, LOT 1, ORD 4014 #253 RES",PARK VILLAGE ADDN SEC ONE,,8869.0
"1372-Carey-Glen-Cir,-Orlando,-FL-32824",294,294,294,294,294,294,2001.0,30-24-30-3510-01-100,HEATHER GLEN AT MEADOW WOODS 43/134 LOT 110,HEATHER GLEN AT MEADOW WOODS,P-D,4711.0
"21910-Cypress-Dr,-Apt-36L,-Boca-Raton,-FL-33433",295,295,295,295,295,295,1978.0,00424720030003612,,,,43560.0
"1864-E-Rosewood-Ct,-Apt-D,-Ontario,-CA-91764",296,296,296,296,296,296,,,,,,
"305-Marilyn-Glover-Dr,-Elgin,-OK-73538",297,297,297,297,297,297,2012.0,,,,,43560.0
"1301-Hillbrow-Ln,-Apt-204,-Raleigh,-NC-27615",298,298,298,298,298,298,1992.0,1708.17-02-0246 0285476,WYNDE POINTE CONDO BLD4 UN204,WYNDE POINTE,R-4,
"214-Bonnavue-Dr,-Hermitage,-TN-37076",299,299,299,299,299,299,1965.0,075-05-0-095-00,LOT 939 SEC 8 HERMITAGE HILLS,HERMITAGE HILLS SEC 08,RS10,15246.0
"267-Panorama-Trl,-Rochester,-NY-14625",300,300,300,300,300,300,,,,,,
"1245-Wild-Hawthorn-Way,-Reston,-VA-20194",301,301,301,301,301,301,1996.0,011-2-08-4B-0016,RESTON LT 16 BLK 4B SEC 75,RESTON L,PRC(RESIDENTIAL DEVELOPME,1494.0
"4846-Lago-Vista-Cir,-Land-O-Lakes,-FL-34639",302,302,302,302,302,302,2013.0,18-26-19-0250-00000-0170,LAGO DEL REY PB 63 PG 042 LOT 17,LAGO DEL REY,MPUD,11914.0
"411-Jasmine-Ave-Apt-B,-Corona-Del-Mar,-CA-92625",303,303,303,303,303,303,,,,,,
"126-New-Britain-Ave,-Apt-D2,-Plainville,-CT-06062",304,304,304,304,304,304,,,,,,
"2008-De-Verne-St,-Austin,-TX-78704",305,305,305,305,305,305,1949.0,0100080913,LOT 12 BLK 1 RABB INWOOD HILLS,RABB INWOOD HILLS,,6547.0
"270-Wallabout-St,-Apt-5B,-Brooklyn,-NY-11206",306,306,306,306,306,306,2005.0,02264-2224,LOT:2224 BLK:2264 SEC:803 DIST:04,GARDEN ESTATES CONDO 1,R7-1,8640.0
"2302-N-36th-St,-Apt-10,-Phoenix,-AZ-85008",307,307,307,307,307,307,1974.0,,,,,36740.0
"16313-Braeburn-Ridge-Trl,-Delray-Beach,-FL-33446",308,308,308,308,308,308,2002.0,00-42-46-29-02-000-0010,DELRAY TRAINING CENTER PUD PAR E LT 1,DELRAY TRAINING CENTER PUD,AGR-PUD,14013.0
"4224-S-Nucla-Way,-Aurora,-CO-80013",309,309,309,309,309,309,1980.0,2073-05-4-13-006,SUBDIVISIONCD 045312 SUBDIVISIONNAME MISSION VIEJO SUB 11TH FLG BLOCK 015 LOT 012 LOT 12 BLK 15 MISSION VIEJO SUB 11TH FLG,MISSION VIEJO SUB 11TH FLG,,5619.0
"1711-Melrose-Ave,-Irwin,-PA-15642",310,310,310,310,310,310,1993.0,13-02-14-0-037,"PCL A B PT LOT 2 HSE .6406 AC PARRY SUB #2, 1S FR",R LUCILLE PARRY,,1310.0
"3834-Landon-Park-Dr,-Katy,-TX-77449",311,311,311,311,311,311,1997.0,1185850040001,LT 1 BLK 4 WESTFIELD TERRA SEC 2,WESTFIELD TERRA SEC 2,,7261.0
"107-Penny-Dr,-Athens,-GA-30605",312,312,312,312,312,312,2001.0,23-3-C1 B-015,LOT 15 BL. B - WOODSONG,,RM-1,7783.0
"4519-N-Village-Pkwy,-Litchfield-Park,-AZ-85340",313,313,313,313,313,313,2020.0,508-15-309,VILLAGE AT LITCHFIELD PARK PHASE 2 MCR 878-35,VILLAGE AT LITCHFIELD PARK PH2,R-6,27729.0
"895-Edgewater-Blvd,-Tahlequah,-OK-74464",314,314,314,314,314,314,,,,,,26223.0
"2924-Arbusto,-Grand-Prairie,-TX-75054",315,315,315,315,315,315,2015.0,26237C-E-23,MIRA LAGOS NO D-2 BLOCK E LOT 23,MIRA LAGOS NO D-2,,8425.0
"6526-Cereus-Ct,-Laredo,-TX-78043",316,316,316,316,316,316,,938-13003-130,"SAN JOSE SUBD, BLOCK 3, LOT 13, PHASE VI",SAN JOSE,,4200.0
"804-Arbor-Hill-Cir,-Minneola,-FL-34715",317,317,317,317,317,317,1998.0,17-22-26-2005-000-08100,MINNEOLA THE ARBORS PHASE 2 SUB LOT 81 PB 39 PG 47 ORB 3956 PG 1656,ARBORS PHASE 2 THE MINNEOLA,,9990.0
"10-Sampson-Ave,-Edgartown,-MA-02539",318,318,318,318,318,318,1983.0,EDGA M:0034 B:0198 L:,MAPNUM:000034 WARDNUM:00 BLOCKNUM:000198 LOTNUM:000000 UNITNUM:00000,,,10000.0
"W335S5050-Fox-Hollow-Dr,-Dousman,-WI-53118",319,319,319,319,319,319,,,,,,
"7501-Pond-View-Ct,-Tampa,-FL-33615",320,320,320,320,320,320,1981.0,U2728170AK000005000120,TIMBERLANE SUBDIVISION UNIT NO 3A LOT 12 BLOCK 5,TIMBERLANE SUBDIVISION UNIT NO 3A,PD,5130.0
"3202-Morganford-Rd,-Saint-Louis,-MO-63116",321,321,321,321,321,321,,,,,,
"107-S-Smallwood-Pl,-Charlotte,-NC-28208",322,322,322,322,322,322,2013.0,06902502,L14 B4 M5-287,SMALLWOOD HOMES,R-5,6702.0
"419-Morris-Ave-SE,-Grand-Rapids,-MI-49503",323,323,323,323,323,323,1920.0,41-14-31-201-006,LOT 24 & S 5 FT OF LOT 23* MILLS SECOND ADDITION,MILLS SECOND ADD,TN-LDR,12720.0
"10415-Hyannisport-Loop,-San-Antonio,-FL-33576",324,324,324,324,324,324,2014.0,17-25-20-0090-00000-2440,TAMPA BAY GOLF AND TENNIS CLUB - PHASE VI PB 65 PG 121 LOT 244,TAMPA BAY GOLF AND TENNIS CLUB,MPUD,6500.0
"235-Old-Bethel-Church-Rd,-Winchester,-VA-22603",325,325,325,325,325,325,1972.0,41A-64,.57 ACRES,2,AGRICULTURAL,24829.0
"1221-W-Butler-Dr,-Chandler,-AZ-85224",326,326,326,326,326,326,1991.0,303-23-373,RIALTO HILLS MCR 341-46,RIALTO HILLS LOT 3-94 TR B,PAD,6103.0
"10-Lexington-Ave,-Cranford,-NJ-07016",327,327,327,327,327,327,1951.0,03  00409-0000-00020,LOT:20 BLK:409 DIST:03 CITY/MUNI/TWP:CRANFORD TWP MAP REF:TAX MAP 87,,,6874.0
"37220-Neukom-Ave,-Zephyrhills,-FL-33541",328,328,328,328,328,328,2017.0,34-25-21-0180-00000-2930,GRAND HORIZONS - PHASE FOUR PB 61 PG 023 LOT 293 OR 9575 PG 1669,GRAND HORIZONS,M1,6000.0
"8000-W-Broward-Blvd,-Ste-719,-Plantation,-FL-33388",329,329,329,329,329,329,,,,,,
"6041-E-Freshman-Dr,-Saginaw,-MI-48604",330,330,330,330,330,330,,,,,,
"Harold-Cemetery-Rd,-Greeneville,-TN-37745",331,331,331,331,331,331,,,,,,32234.0
"881-Lincoln-Rd,-Grosse-Pointe,-MI-48230",332,332,332,332,332,332,1954.0,37 001 02 0538 000,CYB538 LOT 538 GROSSE POINTE COLONY SUB OF LOTS 16 17 27 33 ETC PC 299 300 458 L31 P97 WCR K 57.69,POINTE COLONY SUB,R1-B,7405.0
"6808-Stratford-Ct,-Saint-Paul,-MN-55125",333,333,333,333,333,333,1979.0,19-028-21-11-0069,SUBDIVISIONNAME WIND WOOD LOT 19 BLOCK 6 SUBDIVISIONCD 73630,WIND WOOD,,10803.0
"805-Thackeray-Trl,-Oconomowoc,-WI-53066",334,334,334,334,334,334,,OCOC0592037,LOT 1 BLK 3 WHITMAN PARK PT SE1/4 SEC 4 T7N R17E R2736/951,WHITMAN PARK,A,14157.0
"5219-Byers-Rd,-Alpharetta,-GA-30022",335,335,335,335,335,335,2004.0,11 056002280427,NO CHANGES AN MEASURED HOUSEHOUSE COMP 1152019 REVIEWNO CHANGES,,R4,15812.0
"334-Huntcliff-Village-Ct,-Atlanta,-GA-30350",336,336,336,336,336,336,,,,,,
"2912-Elkmont-Ct,-Little-Rock,-AR-72204",337,337,337,337,337,337,1970.0,44L-102-00-043-00,LOT:12 BLK:3 SUBD:ELKHART SEC/TWN/RNG/MER:SEC 14 TWN 01N RNG 13W,ELKHART,,7841.0
"1029-Nevada-Sky-St,-Las-Vegas,-NV-89128",338,338,338,338,338,338,1996.0,138-28-222-062,DURANGO TRAILS TOWNHOMES-UNIT 1 PLAT BOOK 67 PAGE 80 LOT 17 BLOCK 1,DURANGO TRAILS TOWNHOMES-UNIT 1,,871.0
"720-N-Eureka-St,-Redlands,-CA-92374",339,339,339,339,339,339,,,,,,
"13001-116th-Ln,-Largo,-FL-33778",340,340,340,340,340,340,,,,,,
"611-E-Fairmeadows-Dr,-Duncanville,-TX-75116",341,341,341,341,341,341,1963.0,22042500230170000,FAIRMEADOWS 6 BLK W LOT 17 INT200600198181 DD05242006 CO-DC 0425002301700 4CV04250023,FAIRMEADOWS,Z326,7783.0
"406-Sw-15th-Pl,-Cape-Coral,-FL-33991",342,342,342,342,342,342,,,,,,
"2600-N-2700-W,-Plain-City,-UT-84404",343,343,343,343,343,343,,,,,,10373814.0
"3145-Red-Oak-Trl,-Decatur,-GA-30034",344,344,344,344,344,344,2002.0,15 058 03 018,CITY/MUNI/TWP:UNINCORPORATED,WALDROP FARMS,R85,13068.0
"1315-Henley-St,-Apt-1006,-Naples,-FL-34105",345,345,345,345,345,345,,,,,,
"2196-Chandlers-Walk-Ln,-Jacksonville,-FL-32246",346,346,346,346,346,346,2014.0,164813-0810,66-154 19-2S-28E .151 ANNISTON PINES LOT 17,ANNISTON PINES,RLD-60,8034.0
"35348-Barton-Dr,-Zephyrhills,-FL-33541",347,347,347,347,347,347,1986.0,20-26-21-0010-08500-0012,ZEPHYRHILLS COLONY COMPANY LANDS PB 2 PG 1 W1/4 TRACT 85 DESC AS COM NE COR OF SW1/4 TH S00DEG31' 43 E 668.34 FT ALG SECTION,ZEPHYRHILLS COLONY COMPANY,AR,54450.0
"2824-Longleaf-Ct,-Kissimmee,-FL-34746",348,348,348,348,348,348,1989.0,202629478700010060,PLEASANT HILL LAKES UNIT EIGHT PB 4 PG 56 LOT 6,PLSNT HILL LKS UN 8,OPUD,21867.0
"638-N-Orange-Dr,-Los-Angeles,-CA-90036",349,349,349,349,349,349,,,,,,
"1590-Sw-Falmouth-Ave,-Port-Saint-Lucie,-FL-34953",350,350,350,350,350,350,,,,,,
"County-Rds---H-And-Road-30-Rd,-Brush,-CO-80723",351,351,351,351,351,351,,,,,,
"1901-Lakeshore-Cir,-Longwood,-FL-32750",352,352,352,352,352,352,1987.0,25-20-29-501-0000-0490,LOT 49 & 50 MYRTLE LAKE HILLS PB 13 PG 8,MYRTLE LAKE HILLS,,26710.0
"1609-W-Schunior-St,-Apt-1406,-Edinburg,-TX-78541",353,353,353,353,353,353,,,,,,
"2022-Edgewood-Dr,-Bridgeport,-TX-76426",354,354,354,354,354,354,1970.0,B0625.0031.00,LT: 11 BLK: C EDGEWOOD TERRACE ADDITION 0.2150 ACRES,EDGEWOOD TERRACE ADDITION,,9365.0
"4980-Community-Cir,-Milton,-FL-32583",355,355,355,355,355,355,2000.0,04-1N-27-0000-01403-0000,PARCEL   C  : COM AT NE CORN OF SW4 OF NE4 OF NW4 OF SECTION 4 TOWNSHIP 1 NORTH RANGE 27 WEST THN N88*47'50  E (ON N LN OF OR,N/A,R1M MIXED RES SUBD DIST,17468.0
"239-Fowler-Cir,-Dobson,-NC-27017",356,356,356,356,356,356,,,,,,
"502-Crater-Lake-Dr,-League-City,-TX-77573",357,357,357,357,357,357,2020.0,7591-0005-0001-000,LOT 1 BLK 5 WESTWOOD SUB SEC 5 (2020) ABST 9 & 614,,,8211.0
"63-Maplecrest-Cir,-Jupiter,-FL-33458",358,358,358,358,358,358,1987.0,30-42-41-12-08-006-0030,MAPLECREST LT C BLK 6,MAPLECREST,,1559.0
"655-N-Santa-Fe-Dr,-Unit-317,-Denver,-CO-80204",359,359,359,359,359,359,,,,,,
"6707-Utsa-Blvd,-Apt-4402,-San-Antonio,-TX-78249",360,360,360,360,360,360,,,,,,
"6428-W-Locust-St,-Milwaukee,-WI-53210",361,361,361,361,361,361,1930.0,305-1041-000,LENOX HEIGHTS IN NE 1/4 SEC 15-7-21 BLOCK 10 W 33' OF E 132' S OF ALLEY LOT 4,LENOX HEIGHTS,RT3,4620.0
"275-114th-Ave-N,-Unit-6,-Saint-Petersburg,-FL-33716",362,362,362,362,362,362,1974.0,18-30-17-98325-007-2756,"WINDWARD POINTE CONDO BLDG 7-1, UNIT 275-6",WINDWARD POINTE CONDO,,
"251-Birch-Ln,-Lakeland,-FL-33813",363,363,363,363,363,363,1979.0,232924141820000390,CHRISTINA LAKES PB 56 PGS 21/23 LOT 39,CHRISTINA LAKES,PUD,23248.0
"5885-Ledro-Ln,-Myrtle-Beach,-SC-29577",364,364,364,364,364,364,,421-01-03-0013,MARINA TRACT P-2; LOT NE 207,,,4792.0
"183-Jerusalem-Rd,-Cohasset,-MA-02025",365,365,365,365,365,365,,,,,,
"301-Arbor-Ct,-Bolingbrook,-IL-60440",366,366,366,366,366,366,1994.0,,,,,21589.0
"325-Marche-Chase-Dr,-Apt-139,-Eugene,-OR-97401",367,367,367,367,367,367,,,,,,
"120-N-Everett-High-Rd,-Maryville,-TN-37804",368,368,368,368,368,368,,,,,,
"1352-27th-St-NW,-Washington,-DC-20007",369,369,369,369,369,369,1900.0,1239      0160,SQUARE 1239 LOT 0160 NBHD: GEORGETOWN,GEORGETOWN,R-20,1086.0
"21185-County-Rd,-81-NW,-Big-Lake,-MN-55309",370,370,370,370,370,370,1998.0,,,,,106722.0
"750-Noonan-Rd,-York,-PA-17404",371,371,371,371,371,371,1942.0,14-551-10-0019.00-00000,DIST:WARD 14 CITY/MUNI/TWP:YORK CITY SUBD:PARK VILLAGE,PARK VILLAGE,RS,4922.0
"45658-Ford-Rd,-Canton,-MI-48187",372,372,372,372,372,372,,,,,,
"PO-Box-554,-Fruitland-Park,-FL-34731",373,373,373,373,373,373,,,,,,
"7213-Idylwood-Ct,-Falls-Church,-VA-22043",374,374,374,374,374,374,1969.0,040-1-14-0018,IDYLWOOD COURT LT 18,IDYLWOOD COURT,R-2C(R-2 W/CLUSTER DEV),10930.0
"8100-W-Oakton-St,-Apt-203,-Niles,-IL-60714",375,375,375,375,375,375,,,,,,
"706-Yarmouth-Ct,-San-Diego,-CA-92109",376,376,376,376,376,376,1981.0,423-315-28-00,TR 1809 BLK 243*LOT E*,MISSION BEACH,R-4:MULTIPLE RESIDENTIAL,1339.0
"513-1st-Ave,-New-Bern,-NC-28560",377,377,377,377,377,377,,8-012-A -225,513 FIRST AVE; LOT 14 WEST END,,,3223.0
"4607-Westgarden-Pl,-Katy,-TX-77449",378,378,378,378,378,378,2019.0,1397810020013,LT 13 BLK 2 MEADOWS AT WESTFIELD VILLAGE SEC 3,MEADOWS/WESTFIELD VILLAGE SEC,,6342.0
"8123-Merryvale-Ln,-Charlotte,-NC-28214",379,379,379,379,379,379,,11322555,L37 M69-534,,,2783.0
"7811-Amber-Ct,-Texas-City,-TX-77591",380,380,380,380,380,380,2018.0,5678-0002-0031-000,LOT 31 BLK 2 PEARLBROOK SEC 5 (2018) ABST 180,PEARLBROOK SEC 5,,7200.0
"3201-Wendover-Rd,-Dallas,-TX-75214",381,381,381,381,381,381,1939.0,00000245581000000,BLK 2976 LTS 1 & 2 & TR 1 & BLK 7/2976 LT 1&2 & PT BLK 2977 & BLK A/2978 PT LT 2 AC 8.8592 VOL2003040/1800 DD10162000 CO-DA,HARTWELL P EDWARDS,Z298,385898.0
"109-N-Main-St,-Apt-1203,-Memphis,-TN-38103",382,382,382,382,382,382,1927.0,002-007- -A-00109,S MAIN ST SEE MAP GRID# 132 D,CLARIDGE HOUSE CONDOS 5TH AMENDMENT THE,CBD,44.0
"231-26th-Ave-E,-Apt-208,-Seattle,-WA-98112",383,383,383,383,383,383,,,,,,
"7036-S-Winchester-Ave,-Chicago,-IL-60636",384,384,384,384,384,384,,,,,,
"7401-Plumosa-Ln,-Fort-Pierce,-FL-34951",385,385,385,385,385,385,1979.0,1301-604-0189-000-9,"LAKEWOOD PARK-UNIT 4- BLK 37 LOTS 8, 9 AND 10 (MAP 13/11N) (OR 273-2037)",LAKEWOOD PARK UNIT 4,RS-4,33541.0
"23-Black-Bear-Rd,-Unit-509,-Waterville-Valley,-NH-03215",386,386,386,386,386,386,,,,,,
"3015-Cielo-Ct,-Santa-Fe,-NM-87507",387,387,387,387,387,387,,,,,,
"112-Church-St,-Ste-J,-Elkin,-NC-28621",388,388,388,388,388,388,,,,,,
"1541-Mcclaren-Dr,-Carmichael,-CA-95608",389,389,389,389,389,389,,,,,,
"42-Park-St,-East-Millinocket,-ME-04430",390,390,390,390,390,390,1930.0,,,,,8276.0
"521-Oakside-Pl,-Acworth,-GA-30102",391,391,391,391,391,391,2009.0,21N12J 166,LOT 314 RIDGE MILL PH 2A97/152,RIDGE MILL PH 02A,RTH,4356.0
"4650-Centauri-Rd,-Colorado-Springs,-CO-80919",392,392,392,392,392,392,1994.0,73232-10-019,LOT 19 MOUNTAIN SHADOWS FIL NO 28 COLO SPGS,COLO SPGS,R1-6 DF HS,13032.0
"13031-Iris-Garden-Ln,-Houston,-TX-77044",393,393,393,393,393,393,2011.0,1285960010057,LT 57 BLK 1 SUMMERWOOD SEC 31 AMEND NO 1,SUMMERWOOD AMENDED #1,,2483.0
"1735-Dynasty-Cir,-Glenn-Heights,-TX-75154",394,394,394,394,394,394,1984.0,27000190010080000,DYNASTY BLK 1 LOT 8 INT201700338367 DD11292017 CO-DC 0001900100800 4CE00019001,DYNASTY,Z67,20230.0
"1422-Todville-Rd,-Seabrook,-TX-77586",395,395,395,395,395,395,2021.0,0262140000006,LT 6 BLK 2 MORRISTOWN,MORRISTOWN,,6251.0
"3709-Venable-Ave,-Charleston,-WV-25304",396,396,396,396,396,396,1950.0,20-13-  18-0131.0000,LT 4BK 42 VENABLE AVENUE 3709,,,6011.0
"3111-Fairlanes-Blvd,-Apt-144,-Borger,-TX-79007",397,397,397,397,397,397,,,,,,
"6809-Midnight-Sun-Dr,-Maineville,-OH-45039",398,398,398,398,398,398,1998.0,17-35-346-008-0,BEAR RUN CROSSING 2B #128,BEAR RUN CROSSING 2B,,20800.0
"16565-Vanowen-St,-Apt-101,-Van-Nuys,-CA-91406",399,399,399,399,399,399,,,,,,
"1525-Topping-Ave,-Kansas-City,-MO-64126",400,400,400,400,400,400,1912.0,28-130-21-03,HIGHPOINT LOT 53,HIGHPOINT,,3485.0
"710-Dove-Creek-Trl,-Southlake,-TX-76092",401,401,401,401,401,401,1995.0,7087H-3-19,CHAPEL DOWNS ADDITION BLOCK 3 LOT 19,CHAPEL DOWNS ADDITION,,20107.0
"131G-Taylor-Ave,-Unit-1,-Plymouth,-MA-02360",402,402,402,402,402,402,,,,,,
"904-Arnett-Dr,-Newport-News,-VA-23608",403,403,403,403,403,403,1968.0,,,,,8712.0
"143-Ranger-Rd,-Wells,-NY-12190",404,404,404,404,404,404,,,,,,
"6831-Lillian-Ln,-Eden-Prairie,-MN-55346",405,405,405,405,405,405,2001.0,05-116-22-34-0016,009 001 ROGERS HOMESTEAD IRREGULAR,ROGERS HOMESTEAD,R1-13.5,20909.0
"11-Tillie-St,-Bay-Shore,-NY-11706",406,406,406,406,406,406,,0500-342.00-02.00-039.000,X2210461Y186520 T042H00000000,,B,4792.0
"9168-Maple-Grove-Dr,-Summerville,-SC-29485",407,407,407,407,407,407,2005.0,163-13-08-008,FARM AT WESCOTT\ 9168 MAPLE GROVE DR FARM AT WESCOTT SINGLE,FARM AT WESCOTT,,1742.0
"413-Brian-Dr,-Tallmadge,-OH-44278",408,408,408,408,408,408,,,,,,
"423-Dennison-Dr,-West-Mifflin,-PA-15122",409,409,409,409,409,409,1955.0,386-M-71,LEBANON MANOR SIXTH PLAN 175 LOT 52X125 DENNISO N DR 1 STY BRK VEN HSE,,,6500.0
"6847-Canyonpoint-Rd,-Castle-Rock,-CO-80108",410,410,410,410,410,410,,,,,,
"202-Bradford,-San-Antonio,-TX-78228",411,411,411,411,411,411,1943.0,09248-028-0010,NCB 9248 BLK 28 LOT 1 E 10 FT OF 2,CONV A/S CODE,,5009.0
"214-S-9th-St,-Hamilton,-OH-45011",412,412,412,412,412,412,1914.0,P6441-030.000-002,1000 S 50,HAMILTON 4TH WARD,,1307.0
"3800-W-Irving-Park-Rd,-Unit-2E,-Chicago,-IL-60618",413,413,413,413,413,413,,,,,,
"2912-Millie-Ave,-Las-Vegas,-NV-89101",414,414,414,414,414,414,1966.0,139-25-116-012,COLLEGE PARK #29 PLAT BOOK 10 PAGE 31 LOT 3 BLOCK 8,COLLEGE PARK #29,,6970.0
"117-John-St,-Hagerstown,-MD-21740",415,415,415,415,415,415,1903.0,22013289,LOT 17.8X76.68 117 JOHN ST,,RMED,1365.0
"40-Southwick-Dr,-Bedford,-OH-44146",416,416,416,416,416,416,1951.0,,,,,8050.0
"1094-Avondale-Rd,-South,-Euclid,-OH-44121",417,417,417,417,417,417,,,,,,
"427-National-Union-Blvd,-Tuckerton,-NJ-08087",418,418,418,418,418,418,1986.0,,,,,7501.0
"2669-Griffin-Ave,-Apt-103,-Los-Angeles,-CA-90031",419,419,419,419,419,419,,,,,,
"2016-Broderick-Ave,-Duarte,-CA-91010",420,420,420,420,420,420,1949.0,8521-008-041,TRACT # 15611 LOT 33,15611,LCA15000*,5994.0
"11278-Cedar-Beach-Dr-NW,-Oronoco,-MN-55960",421,421,421,421,421,421,1960.0,,,,,17990.0
"442-Hillabee-Dr,-Montgomery,-AL-36117",422,422,422,422,422,422,1984.0,09-02-10-4-001-002.011,ARROWHEAD 11 A LOT 11 BLK I PLAT BK 32 PG 67,ARROWHEAD 11 A,R-20-T,7797.0
"2400-Parkland-Dr-NE,-Unit-369,-Atlanta,-GA-30324",423,423,423,423,423,423,,,,,,
"78-E-Crystal-Canyon-Cir,-Spring,-TX-77389",424,424,424,424,424,424,2010.0,1286730020013,LT 13 BLK 2 THE WOODLANDS VLG OF CREEKSIDE PARK 1,THE WOODLANDS VLG OF CREEKSIDE PARK 1,,9130.0
"526-Adams-St,-Owosso,-MI-48867",425,425,425,425,425,425,1920.0,050-470-035-019-00,COM 264' N OF S W COR BLK 35 TH E 132' N TO S LINE OF LOT 11 W 132' S TO BEG ORIGINAL PLAT,ORIGINAL OF CITY OF OWOSSO,,8712.0
"4217-W-76th-St,-Apt-301,-Chicago,-IL-60652",426,426,426,426,426,426,2001.0,19-27-401-058-1009,,,,279220.0
"3242-Utica-St,-Denver,-CO-80212",427,427,427,427,427,427,1927.0,02302-34-005-000,THE W 1/2 OF L 1 BLK 2 COTTAGE HILL,COTTAGE HILL,U-SU-B,4510.0
"6210-Presidential-Ln,-Unit-143,-Sacramento,-CA-95828",428,428,428,428,428,428,1972.0,,,,,1368.0
"13401-Legendary-Dr,-Apt-5108,-Austin,-TX-78727",429,429,429,429,429,429,,,,,,
"288-Kent-Rd,-Upper-Darby,-PA-19082",430,430,430,430,430,430,1930.0,16-01-00738-00,DIST:16 CITY/MUNI/TWP:DARBY TWP. U MAP REF:16-18 -226-000,,,1372.0
"612-Camino-Dr,-Mesquite,-TX-75149",431,431,431,431,431,431,1958.0,38127500070010000,MESQUITE PARK 3 BLK 7 LOT 001 INT202000076491 DD03162020 CO-DC 1275000700100 1CM12750007,MESQUITE PARK,Z372,7272.0
"1234-Sweet-Gum-Dr,-Brandon,-FL-33511",432,432,432,432,432,432,1996.0,U3329202IKA00000000220,HEATHER LAKES UNIT XXXV LOT 22 BLOCK A,HEATHER LAKES UNIT XXXV,PD,5800.0
"14447-Austin-Creek-Ave,-Bakersfield,-CA-93314",433,433,433,433,433,433,2001.0,529-101-01-00-3,"TRACT 5662, BLOCK UN1, LOT 1",,E (1/4),22651.0
"3440-E-Berkshire-Ct,-Unit-C,-Orange,-CA-92869",434,434,434,434,434,434,1996.0,939-215-58,"TRACT 14847, LOT 6 OF PROJECT 939-21 LOCATED ON AP 383-321-44 TOGETHER WITH AN UND. 1/33 INT. IN LOTS 1 TO 6 INC.",HUNTINGTON,,
"17770-Seidner-Ave,-Escalon,-CA-95320",435,435,435,435,435,435,,,,,,
"2159-State-Rte,-131,-Batavia,-OH-45103",436,436,436,436,436,436,,,,,,
"3306-Pepperhill-Rd,-Lexington,-KY-40502",437,437,437,437,437,437,1973.0,12865650,A-329 LANSDOWNE/MERRICK UNIT 7 LOT 2; BOOK: 1633 PAGE: 211,LANSDOWNE/MERRICK,R-1C,13778.0
"2547-Sandy-Lake-Dr,-Friendswood,-TX-77546",438,438,438,438,438,438,2021.0,6752-0502-0007-000,LOT 7 BLK 2 STERLING CREEK SEC 5 (2022) ABST 69,STERLING CREEK,,12380.0
"9814-N-2nd-Pl,-Phoenix,-AZ-85020",439,439,439,439,439,439,1948.0,159-43-052,SUNLAND SUB MCR 31-11 LOT 7 BLK C EX E 5F,SUNLAND,R-6,6107.0
"19183-Robson-St,-Detroit,-MI-48235",440,440,440,440,440,440,1947.0,22044051.,"W ROBSON 570 AND E 9 FT OF VAC ALLEY ADJ SAN BERNARDO PARK SUB NO 2 L52 P28 PLATS, W C R 22/222 40 X 139.50",BERNARDO PARK SUB,R1,5663.0
"653-Lindell-Ave,-Apt-1,-Louisville,-KY-40211",441,441,441,441,441,441,,,,,,
"2321-Old-Greenville-Hwy,-Pendleton,-SC-29670",442,442,442,442,442,442,,061-00-01-004,CP 081/666 F 0000D 0000 PP 058/071 OLD GREENVILLE HWY 64.68 AC,,,2817461.0
"295-Seven-Farms-Dr,-Ste-201,-Daniel-Island,-SC-29492",443,443,443,443,443,443,,,,,,
"914-Taxus-Dr,-Apt-103,-Odenton,-MD-21113",444,444,444,444,444,444,,,,,,
"310-Jennie-Ave,-Oxford,-MS-38655",445,445,445,445,445,445,2024.0,,,,,
"180-Fairway-Dr,-Abingdon,-VA-24211",446,446,446,446,446,446,2005.0,,,,,18731.0
"6520-Fairlawn-Dr,-Frisco,-TX-75035",447,447,447,447,447,447,1999.0,R-3973-00D-0020-1,"LAKES OF PRESTON VINEYARDS PHASE 2, THE (CFR), BLK D, LOT 2",LAKES OF PRESTON VINEYARDS PHASE 2 THE (,SFR,8276.0
"690-Lake-16-Dr,-Allegan,-MI-49010",448,448,448,448,448,448,,21-160-023-00,LOT 23 BELDEN SUBDIVISION SEC 16 T1N R13W.,BELDEN,,7144.0
"4346-Middlebrook-Rd,-Orlando,-FL-32811",449,449,449,449,449,449,1984.0,07-23-29-8008-34-346,THE FOUNTAINS UNIT 3 CONDO CB 9/22 BLDG 3 UNIT 4346,FOUNTAINS CONDO UT 3,R-3A/RP,11600.0
"3964-Pomodoro-Cir,-Unit-104,-Cape-Coral,-FL-33909",450,450,450,450,450,450,2006.0,21-43-24-C2-02112.0104,ISLES OF PORTO VISTA CONDOMINIUM 12 DESC IN INST#2006-430107 + 437018 BLDG 12 UNIT 104,CAPE ENTRADA,,8601.0
"101-Eagle-Trace-Ct,-Panama-City-Beach,-FL-32413",451,451,451,451,451,451,2019.0,35272-800-010,OSPREY POINTE AT POWELL LOT 1 ORB 4308 P 69,OSPREY POINTE AT POWELL,,3485.0
"5438-E-20th-Pl,-Indianapolis,-IN-46218",452,452,452,452,452,452,1952.0,49-07-34-118-006.000-701,RITTER PARK REV 3RD SEC L146,RITTER PARK REV 3RD SEC,ZO01,5271.0
"2332-Cerberus-Dr,-San-Antonio,-TX-78245",453,453,453,453,453,453,2019.0,04347-295-0600,"CB 4347B (TEXAS RESEARCH PARK UT 2), BLOCK 95 LOT 60 2019 NEW ACCOUNT PER PLAT 20001/23-3 FILED 04/20/2018.",TEXAS RESEARCH PARK UN 2,,5097.0
"7529-Southridge-Ln,-Savage,-MN-55378",454,454,454,454,454,454,2005.0,26-369169-0,SECTION 29 TOWNSHIP 115 RANGE 021 SUBDIVISIONNAME CIC 1129 RIDGEWOOD CONDOMINIUMS LOT UNT BLOCK 169 SUBDIVISIONCD,CIC 1129 RIDGEWOOD CONDOMINIUMS,,436.0
"1006-Knollwood-Dr,-Birmingham,-AL-35242",455,455,455,455,455,455,2000.0,092040003123000,SEC/TWNSHP/RAN 4 19S 01W NBRHD: 01 HIGHLAND LAKES R-2,HIGHLAND LAKES 9TH SECTOR PHASE 1,,18165.0
"1130-Mountainbrook-Dr,-Shreveport,-LA-71118",456,456,456,456,456,456,1973.0,161410-010-0006-00,"LOT 6, SOUTHERN HILLS ESTATES, UNIT #1. 161410-10-6","SOUTHERN HILLS ESTATES, UNIT",,16161.0
"10111-Palo-Alto-St,-Rancho-Cucamonga,-CA-91730",457,457,457,457,457,457,1977.0,,,,,
"1-Ardley-Ln,-Bella-Vista,-AR-72714",458,458,458,458,458,458,,16-23835-000,LOT:42 BLK:3 DIST:16 CITY/MUNI/TWP:BELLA VISTA SUBD:OXFORD SUB-BVV SEC/TWN/RNG/MER:SEC 25 TWN 21 RNG 31,OXFORD SUB-BVV,,14810.0
"228-Ollie-Miller-Rd,-Jasper,-AL-35504",459,459,459,459,459,459,1900.0,17010120000060070,LOT 8 POLEY CREEK SUB 1-14-7,POLEY CREEK SUB,OT,30492.0
"83-Barrett-Ave,-Worcester,-MA-01605",460,460,460,460,460,460,1903.0,WORC M:33 B:014 L:70-73,LOT:70-73 BLK:14 CITY/MUNI/TWP:WORCESTER,,RS-7,12000.0
"390-Harrison-Ave,-Apt-821,-Boston,-MA-02118",461,461,461,461,461,461,,,,,,
"PO-Box-482,-Gloucester-Point,-VA-23062",462,462,462,462,462,462,,,,,,
"27128-E-Lana-Ln,-Conroe,-TX-77385",463,463,463,463,463,463,1970.0,7640-07-02500,"OAK RIDGE NORTH 07, BLOCK 8, LOT 10",OAK RIDGE NORTH 07,6,10625.0
"27-Kensington-Dr,-Mount-Holly,-NJ-08060",464,464,464,464,464,464,1990.0,11  00902-0000-00015,LOT:15 BLK:902 DIST:11 CITY/MUNI/TWP:EASTAMPTON TWP MAP REF:TAX MAP 902,,,11481.0
"3513-Roller-Xing,-Austin,-TX-78728",465,465,465,465,465,465,2001.0,0278201134,LOT 10 BLK B BRATTON HILL SEC III,BRATTON HILL SEC III,,4957.0
"2584-Panola-Rd,-Lithonia,-GA-30058",466,466,466,466,466,466,,,,,,
"2251-Forest-St,-Denver,-CO-80207",467,467,467,467,467,467,1905.0,01311-21-004-000,MORES PARK HEIGHTS B5 L9 TO 10 EXC REAR 7FT,MORES PARK HEIGHTS,U-SU-C,6250.0
"2211-Butte-Pl,-Davis,-CA-95616",468,468,468,468,468,468,1972.0,036-203-020-000,*2089 WESTWOOD #5 L 170,WESTWOOD #5,R-1,12672.0
"2017-Warfield-Ave---B,-Redondo-Beach,-CA-90278",469,469,469,469,469,469,1989.0,4150-003-051,PM 224-1 LOT 1 CONDO UNIT 2,REDONDO VILLA TR,RBR2YY,6499.0
"179-Mahaffey-Dr,-Richmond-Hill,-GA-31324",470,470,470,470,470,470,1997.0,0611-   -193,20GMD LOT 265 STRATHY PS429/7,STRATHY HALL,R-15,27007.0
"2101-Sw-Sunset-Blvd,-Apt-A112,-Renton,-WA-98057",471,471,471,471,471,471,,,,,,
"890-Old-Rocky-Rd,-Atlanta,-GA-30349",472,472,472,472,472,472,2001.0,13 0132  LL1326,KA WOODWARD ESTATES UNIT III AN LOT 38,WOODWARD ESTATES,R4,9801.0
"640-W-Caladium-Cir,---B,-Panama-City-Beach,-FL-32413",473,473,473,473,473,473,1982.0,33832-029-000,OPEN SANDS (3.03) BEG 41.66' N OF SE COR LOT 3 BLK A FOR POB TH CONT N ALG,OPEN SANDS ON THE GULF OF MEXICO,PCB17,1699.0
"502-E-Chapman-Ave,-Fullerton,-CA-92832",474,474,474,474,474,474,1917.0,033-121-25,N TR 164 BLK LOT 3 TR 164 LOT 3 N 98 FT OF W 8.35 FT(AND N 98 FT LOT,164,,5040.0
"8-Serpentine-Rd,-Ringwood,-NJ-07456",475,475,475,475,475,475,1966.0,11  00712-0000-00015,LOT:15 BLK:712 DIST:11 CITY/MUNI/TWP:RINGWOOD BORO,,,12120.0
"224-Bay-48th-St,-Brooklyn,-NY-11214",476,476,476,476,476,476,1945.0,06938-0055,LOT:55 BLK:6938 SEC:2102 DIST:27,,R6,1536.0
"7033-S-2980-W,-West-Jordan,-UT-84084",477,477,477,477,477,477,1983.0,21-28-106-002,"LOT 2, CARTER COMMONS. 5146-94,96,101 5341-984 6532-2772,2775423-2933 5520-1855 5745-2228 5745-2229 6227-1302 6227-1303",CARTER COMMONS,1110,10019.0
"8422-Ne-Knott-St,-Unit-B,-Portland,-OR-97220",478,478,478,478,478,478,,,,,,
"782-Bristol-Way,-Lithonia,-GA-30058",479,479,479,479,479,479,1988.0,16 161 03 021,CITY/MUNI/TWP:UNINCORPORATED,STONEMILL MANOR,X,13068.0
"136-Burns-Rd,-Spartanburg,-SC-29307",480,480,480,480,480,480,1996.0,3-0800-14200,LOT 6 LILLIE J CULLER EST SEC I PB 130-10,LILLIE J CULLER EST,,33106.0
"2025-Sterling-Gate-Dr,-Heartland,-TX-75126",481,481,481,481,481,481,2011.0,00.1448.0033.0013.00.01.00,"3195327; HEARTLAND TRACT A PHASE 3B, BLOCK 33, LOT 13; & HOUSE & HOUSE",HEARTLAND TRACT A PHASE 3B,,5981.0
"5814-Maylandia-Rd,-Charlotte,-NC-28269",482,482,482,482,482,482,1989.0,02724178,L43 B3 M22-848,MALLARD GROVE,R-12(CD),37140.0
"8960-Sw-Hwy,-200-Ste-4,-Ocala,-FL-34481",483,483,483,483,483,483,,,,,,
"813-Sw-2nd-St,-Cape-Coral,-FL-33991",484,484,484,484,484,484,,,,,,
"2421-Lake-Kismet-Ter,-Cape-Coral,-FL-33993",485,485,485,485,485,485,2020.0,,,,,23479.0
"6-Teenia-St,-Thomasville,-NC-27360",486,486,486,486,486,486,1991.0,16-323-K-000-0051,P=21-28 L51 BK890-107 VILLAGE WOODS,,R10,10287.0
"Cherokee-Dr,-Salida,-CO-81201",487,487,487,487,487,487,,,,,,
"7220-Lake-Hill-Trl,-Sachse,-TX-75048",488,488,488,488,488,488,2003.0,R-4127-00E-0140-1,"WOODBRIDGE PHASE 2B (CSA), BLK E, LOT 14",WOODBRIDGE PHASE 2B (CSA),SFR,
"520-N-New-Jersey-St,-Indianapolis,-IN-46204",489,489,489,489,489,489,,,,,,
"1822-21st-St,-Apt-C,-Santa-Monica,-CA-90404",490,490,490,490,490,490,,,,,,
"1821-65th-St,-Kenosha,-WI-53143",491,491,491,491,491,491,1928.0,05-123-06-260-006,W 44 FT OF E 80 FT OF LOT 16 & W 44 FT OF E 80 FT OF N 14 FT OF LOT 17 B 4 QUINTON'S SUB OF B 23 & PT OF B 24 OF BOND'S SUB B,QUINTON SU,RG-1,2614.0
"193-N-5th-St,-Apt-1,-San-Jose,-CA-95112",492,492,492,492,492,492,,,,,,
"3020-Westminster-Dr,-Dallas,-TX-75234",493,493,493,493,493,493,1997.0,240492500B0060000,CHAPEL GLEN BLK B LOT 6 INT201600136120 DD05192016 CO-DC 0492500B00600 2CF0492500B,CHAPEL GLEN,Z221,5190.0
"4937-Sw-Nevada-Ct,-Portland,-OR-97219",494,494,494,494,494,494,1926.0,R208384,"LONG MEADOW, LOT 12",LONG MEADOW,R7,17400.0
"101-Brown-Dr,-Warner-Robins,-GA-31093",495,495,495,495,495,495,1970.0,00072C 037000,LOT 12 BLK B BROWNDALE ESTATES EXTN 1,BROWNDALE 13,R1,23522.0
"4957-Katella-Ave-Ste-B,-Cypress,-CA-90720",496,496,496,496,496,496,,,,,,
"2017-Dorchester-Rd,-Oklahoma-City,-OK-73130",497,497,497,497,497,497,1986.0,12-492-2540,OAKWOOD EAST 008 004,OAKWOOD EAST,,6621.0
"29-Glenwood-Ave,-Cambridge,-MA-02139",498,498,498,498,498,498,,,,,,
"494-Bridgeport-Ave-NW,-Palm-Bay,-FL-32907",499,499,499,499,499,499,2002.0,28-36-35-EY-00568.0-0027.00,PORT MALABAR UNIT 14 LOTS 27 & 28 BLK 568,PORT MALABAR UNIT 14,RS2,23087.0
