tax_assessment_id,id,2022.value,2022.land,2022.improvements,2021.value,2021.land,2021.improvements,2020.value,2020.land,2020.improvements,2023.value,2023.land,2023.improvements,2019.value,2019.land,2019.improvements,2018.value,2018.land,2018.improvements,2017.value,2017.land,2017.improvements,2024.value
0,"11940-County-Rd,-230,-Somerville,-TX-77879",,,,,,,,,,,,,,,,,,,,,,
1,"5207-Fleet-Ave,-Apt-2,-Cleveland,-OH-44105",,,,,,,,,,,,,,,,,,,,,,
2,"17425-Tyler-St-NE,-Ham-Lake,-MN-55304",,,,,,,,,,,,,,,,,,,,,,
3,"6551-Annie-Oakley-Dr,-Apt-426,-Henderson,-NV-89014",26927.0,8750.0,18177.0,,,,,,,,,,,,,,,,,,,
4,"3924-Plumosa-Dr,-Saint-James-City,-FL-33956",,,,,,,,,,,,,,,,,,,,,,
5,"9400-Fredericksburg-Rd,-Apt-2802,-San-Antonio,-TX-78240",,,,,,,,,,,,,,,,,,,,,,
6,"5798-Lake-Cyrus-Blvd,-Hoover,-AL-35244",56860.0,6100.0,50760.0,,,,,,,,,,,,,,,,,,,
7,"321-Walnut-St,-Madison,-WI-53726",,,,,,,,,,,,,,,,,,,,,,
8,"4649-S-Hills-Dr,-Folsom,-CA-95630",,,,186916.0,186916.0,,,,,,,,,,,,,,,,,
9,"2375-Westwood-Blvd,-Los-Angeles,-CA-90064",,,,,,,,,,,,,,,,,,,,,,
10,"2329-Dawson-Forest-Rd-E,-Dawsonville,-GA-30534",,,,82800.0,8960.0,73840.0,81720.0,9560.0,72160.0,,,,,,,,,,,,,
11,"PO-Box-1453,-Groves,-TX-77619",,,,,,,,,,,,,,,,,,,,,,
12,"370-Hanover-Arms-Ct,-Winston-Salem,-NC-27104",153300.0,33500.0,119800.0,,,,137800.0,33500.0,104300.0,,,,,,,,,,,,,
13,"5901-W-Behrend-Dr,-Apt-1132,-Glendale,-AZ-85308",,,,,,,,,,,,,,,,,,,,,,
14,"4833-Sines-Ln,-Port-Charlotte,-FL-33981",169962.0,,,,,,,,,151818.0,,,,,,,,,,,,
15,"4140-Benton-St,-Denver,-CO-80212",36173.0,15669.0,20504.0,,,,27574.0,16434.0,11140.0,,,,,,,,,,,,,
16,"2413-Rocky-Ridge-Rd,-Vestavia,-AL-35243",62610.0,13700.0,48910.0,,,,,,,69080.0,13700.0,55380.0,,,,,,,,,,
17,"5953-Triple-Crown-Dr,-Medina,-OH-44256",107900.0,26460.0,81440.0,,,,,,,,,,,,,,,,,,,
18,"8204-Rambling-Rose-Ln,-Laurel,-MD-20724",482000.0,150100.0,331900.0,,,,450200.0,,,,,,,,,,,,,,,
19,"53960-Lawson-Creek-Dr,-Shelby-Township,-MI-48316",,,,,,,,,,,,,,,,,,,,,,
20,"1154-N-Sycamore-Ave,-Apt-4,-Los-Angeles,-CA-90038",,,,,,,605400.0,477954.0,127446.0,636381.0,502414.0,133967.0,,,,,,,,,,
21,"2930-Brougham-Ave,-Jacksonville,-FL-32246",215738.0,,,,,,,,,222210.0,,,,,,,,,,,,
22,"3630-Muirfield-Dr,-Titusville,-FL-32780",87000.0,,,,,,,,,,,,,,,,,,,,,
23,"2100-St-Thomas-St,-Unit-207,-New-Orleans,-LA-70130",,,,,,,,,,,,,,,,,,,,,,
24,"12154-Marilla-Dr,-Saratoga,-CA-95070",211135.0,39159.0,171976.0,,,,,,,,,,,,,,,,,,,
25,"155-E-Rodeo-Rd,-Lot-66,-Casa-Grande,-AZ-85122",,,,,,,,,,,,,,,,,,,,,,
26,"2347-Walden-Dr,-Augusta,-GA-30904",20435.0,4400.0,16035.0,,,,,,,,,,,,,,,,,,,
27,"154-Market-St,-Portsmouth,-NH-03801",,,,,,,,,,,,,,,,,,,,,,
28,"3235-W-Woodlawn-Ave,-San-Antonio,-TX-78228",100000.0,54810.0,45190.0,,,,104020.0,31940.0,72080.0,151990.0,60250.0,91740.0,89250.0,31940.0,57310.0,74450.0,31940.0,42510.0,,,,
29,"1147-Rosewood-Ln,-Ste-3,-Layton,-UT-84041",,,,,,,,,,,,,,,,,,,,,,
30,"1882-Dillingham-Dr,-Allegan,-MI-49010",,,,,,,,,,112900.0,7800.0,105100.0,,,,,,,,,,
31,"5900-Essex-Rd,-Oak-Forest,-IL-60452",,,,,,,,,,,,,18041.0,2475.0,15566.0,,,,,,,
32,"1722-7th-Ave-N---B,-Nashville,-TN-37208",146225.0,60000.0,86225.0,146225.0,60000.0,86225.0,,,,,,,,,,124575.0,30000.0,94575.0,,,,
33,"4658-Midway-St,-Saginaw,-MI-48638",,,,,,,,,,65400.0,,,,,,,,,,,,
34,"2055-Allen-Dr,-Apt-103,-Annapolis,-MD-21401",,,,,,,,,,,,,,,,,,,,,,
35,"1209-N-9th-St,-Salina,-KS-67401",6096.0,495.0,5601.0,,,,5842.0,581.0,5261.0,,,,,,,,,,,,,
36,"710-Concho-Pl,-College-Station,-TX-77840",,,,,,,,,,,,,,,,,,,,,,
37,"729-W-Randolph-St,-Chicago,-IL-60661",,,,,,,,,,,,,,,,,,,,,,
38,"23-W-Chicago-Ave,-Apt-603,-Chicago,-IL-60654",,,,,,,,,,,,,,,,,,,,,,
39,"108-Willard-Ave,-Farmingdale,-NY-11735",,,,,,,430.0,429.0,1.0,338.0,237.0,101.0,,,,,,,,,,
40,"Oak-Ridge-Dr,-Lot-1,-Shell-Knob,-MO-65747",,,,,,,,,,,,,,,,,,,,,,
41,"1672-Se-Hickory-Way,-Gresham,-OR-97080",,,,,,,,,,,,,,,,,,,,,,
42,"11724-Decade-Ct,-Reston,-VA-20191",511230.0,130000.0,381230.0,,,,,,,587550.0,150000.0,437550.0,,,,,,,,,,
43,"130-Randomwood-Way,-Alpharetta,-GA-30022",176800.0,36520.0,140280.0,172800.0,35720.0,137080.0,,,,,,,,,,,,,,,,
44,"56-Dogwood-Drive-Cir,-Ocala,-FL-34472",162471.0,16000.0,146471.0,9000.0,9000.0,,,,,,,,,,,,,,,,,
45,"109-Blue-Ridge-Dr,-Pickens,-SC-29671",,,,,,,,,,,,,,,,,,,,,,
46,"300-E-9th-St,-Apt-203,-Dallas,-TX-75203",,,,,,,,,,,,,,,,,,,,,,
47,"171-Quail-Ridge-Rd,-Selah,-WA-98942",,,,,,,,,,,,,,,,,,,,,,
48,"261-Sparrow-Ln,-Unit-19,-Lexington,-NC-27295",,,,,,,,,,,,,,,,,,,,,,
49,"278-Carrollton-St,-Bremen,-GA-30110",,,,,,,,,,,,,,,,,,,,,,
50,"3225-Randy-Rd,-Joliet,-IL-60431",103892.0,20169.0,83723.0,,,,,,,,,,,,,,,,,,,
51,"1310-Decatur-St,-Pittsburgh,-PA-15233",,,,,,,,,,23900.0,9900.0,14000.0,,,,,,,,,,
52,"802-Beaufort-St,-Laramie,-WY-82072",,,,,,,,,,,,,,,,,,,,,,
53,"1469-Beacon-St,-Apt-6,-Brookline,-MA-02446",,,,,,,,,,,,,,,,,,,,,,
54,"2217-S-Genesee-Ave,-Apt-6,-Los-Angeles,-CA-90016",,,,,,,,,,,,,,,,,,,,,,
55,"11468-Johannsen-Rd,-Ketchikan,-AK-99901",,,,,,,,,,,,,,,,,,,,,,
56,"1280-San-Tomas-Aqn-Rd,-Apt-113,-San-Jose,-CA-95117",,,,,,,,,,,,,,,,,,,,,,
57,"9944-Walnut-St,-Apt-2034,-Dallas,-TX-75243",,,,,,,,,,,,,,,,,,,,,,
58,"237-Holly-Berry-Dr,-Frankfort,-KY-40601",,,,102900.0,,,,,,,,,,,,,,,,,,
59,"568-N-Chancery-St,-Mcminnville,-TN-37110",,,,,,,,,,,,,,,,,,,,,,
60,"38-Sylvia-Ln,-Plainview,-NY-11803",,,,,,,851.0,694.0,157.0,604.0,332.0,272.0,,,,,,,,,,
61,"4816-Bratcher-St,-Fort-Worth,-TX-76119",180962.0,10000.0,170962.0,,,,,,,217419.0,30480.0,186939.0,,,,,,,,,,
62,"168-Heritage-Hill-Rd,-New-Canaan,-CT-06840",,,,,,,551250.0,494970.0,56280.0,551250.0,494970.0,56280.0,,,,,,,,,,
63,"PO-Box-607,-Dauphin-Island,-AL-36528",,,,,,,,,,,,,,,,,,,,,,
64,"137-N-1050-W,-Cedar-City,-UT-84720",312364.0,60147.0,252217.0,,,,,,,,,,,,,,,,,,,
65,"5209-Denver-Dr,-Galveston,-TX-77551",310000.0,110250.0,199750.0,,,,,,,524310.0,119440.0,404870.0,,,,,,,,,,
66,"9125-Wildwood-Dr,-Highland,-IN-46322",208900.0,49700.0,159200.0,,,,,,,,,,,,,,,,,,,
67,"1112-Spencer-St,-Allen,-TX-75013",949294.0,200000.0,749294.0,,,,,,,998498.0,220000.0,778498.0,642552.0,160000.0,482552.0,,,,,,,
68,"2560-Superior-St,-Opa-Locka,-FL-33054",,,,,,,,,,,,,,,,,,,,,,
69,"18023-Hillgrove-Ave,-Cleveland,-OH-44119",,,,,,,,,,,,,,,,,,,,,,
70,"938-E-8th-St,-Jeffersonville,-IN-47130",120600.0,30600.0,90000.0,,,,,,,173000.0,68200.0,104800.0,,,,,,,,,,
71,"114-Windstone-Blvd,-Powell,-TN-37849",69450.0,,,,,,,,,,,,,,,,,,,,,
72,"2200-Bronson-St,-Fort-Collins,-CO-80526",,,,34456.0,3575.0,30881.0,,,,,,,,,,,,,,,,
73,"20-Beechwood-Ave,-York,-ME-03909",,,,,,,,,,,,,,,,,,,,,,
74,"9708-Sw-Arikara-Dr,-Tualatin,-OR-97062",315640.0,,,,,,,,,,,,,,,,,,,,,
75,"11903-Sw-31st-Rd,-Gainesville,-FL-32608",,,,,,,,,,,,,,,,,,,,,,
76,"5420-River-Oaks-Blvd,-River-Oaks,-TX-76114",,,,,,,,,,,,,,,,,,,,,,
77,"1455-W-Ina-Rd,-Tucson,-AZ-85704",,,,,,,,,,24287.0,,,,,,,,,,,,29728.0
78,"546-D-St,-Blaine,-WA-98230",,,,,,,108682.0,98742.0,9940.0,,,,,,,,,,,,,
79,"12921-S-Tortoise-Ln,-Riverton,-UT-84096",316855.0,48070.0,268785.0,,,,,,,,,,,,,,,,,,,
80,"14654-S-Bloom-Dr,-Unit-302,-Herriman,-UT-84096",199815.0,59950.0,139865.0,,,,,,,,,,,,,,,,,,,
81,"2906-Medina-Dr,-Jonesboro,-GA-30236",56000.0,5560.0,50440.0,,,,51157.0,8000.0,43157.0,,,,,,,,,,,,,
82,"63-Macdougal-St,-Brooklyn,-NY-11233",,,,,,,,,,,,,37560.0,14040.0,23520.0,,,,,,,
83,"455-W-Sunset-Dr,-Talladega,-AL-35160",,,,,,,,,,,,,21060.0,,,,,,,,,
84,"501-Peachtree-Club-Dr,-Peachtree-City,-GA-30269",81660.0,16020.0,65640.0,,,,,,,,,,61420.0,12820.0,48600.0,,,,,,,
85,"1109-Twin-Leaf-Ter,-Webster,-NY-14580",,,,172000.0,27600.0,144400.0,,,,,,,,,,,,,,,,
86,"400A-Larkin-Ct,-Warrensburg,-MO-64093",,,,,,,,,,,,,,,,,,,,,,
87,"8-Colonial-Dr,-Lexington,-NC-27292",,,,,,,111680.0,,,148480.0,,,,,,,,,,,,
88,"752-Guna-Dr,-New-Braunfels,-TX-78130",285589.0,37139.0,248450.0,224598.0,26250.0,198348.0,,,,307139.0,52472.0,254667.0,,,,,,,,,,
89,"8405-Briarwood-Ln,-Austin,-TX-78757",554440.0,360000.0,194440.0,392514.0,252000.0,140514.0,362793.0,252000.0,110793.0,480139.0,260000.0,220139.0,,,,,,,,,,
90,"2517-S-Johnson-St,-New-Orleans,-LA-70125",,,,,,,,,,,,,2160.0,1500.0,660.0,,,,,,,
91,"2215-Opal-Field-Ln,-Richmond,-TX-77469",,,,,,,,,,,,,,,,,,,,,,
92,"244-Apollo-Dr,-Bumpus-Mills,-TN-37028",,,,,,,,,,,,,,,,,,,,,,
93,"1415-E-Wilt-St,-Philadelphia,-PA-19125",,,,,,,,,,,,,,,,,,,,,,
94,"2538-W-Division-St,-Chicago,-IL-60622",,,,,,,,,,,,,,,,,,,,,,
95,"4613-N-Bain-Ave,-Fresno,-CA-93722",300783.0,91941.0,208842.0,,,,,,,,,,257500.0,40500.0,217000.0,,,,,,,
96,"Park-Part-8-Pl,-Lot-40,-Tiffin,-IA-52340",,,,,,,,,,,,,,,,,,,,,,
97,"3414-Denver-St,-Memphis,-TN-38127",13575.0,2025.0,11550.0,13575.0,2025.0,11550.0,,,,13575.0,2025.0,11550.0,,,,,,,,,,
98,"28-Andrew-Dr,-Manahawkin,-NJ-08050",371300.0,206400.0,164900.0,,,,,,,,,,,,,,,,,,,
99,"1137-Odenton-Rd,-Odenton,-MD-21113",417800.0,200400.0,217400.0,,,,,,,434833.0,,,,,,,,,,,,
100,"250-Kensington-Rd,-Apt-31,-Berlin,-CT-06037",,,,,,,,,,,,,,,,,,,,,,
101,"1045-Delaware-Dr,-Carrollton,-TX-75010",377358.0,104580.0,272778.0,,,,319986.0,81224.0,238762.0,,,,314248.0,81224.0,233024.0,,,,,,,
102,"9504-Amberleigh-Ln,-Unit-R,-Perry-Hall,-MD-21128",246667.0,,,,,,240000.0,60000.0,180000.0,250000.0,60000.0,190000.0,,,,,,,,,,
103,"8504-Ridgewood-Rd,-Unit-601,-Rock-Island,-IL-61201",41864.0,3004.0,38860.0,,,,,,,,,,,,,,,,,,,
104,"2313-E-26th-St,-Apt-9,-Erie,-PA-16510",,,,,,,,,,,,,,,,,,,,,,
105,"790-Boulder-Dr,-Bethel-Park,-PA-15102",192800.0,55100.0,137700.0,,,,,,,,,,,,,,,,,,,
106,"1729-Kent-St,-Los-Angeles,-CA-90026",,,,,,,,,,,,,,,,,,,,,,
107,"11915-Kirkbriar-Dr,-Houston,-TX-77089",,,,,,,191911.0,41010.0,150901.0,248341.0,41010.0,207331.0,,,,,,,,,,
108,"1232-Westfield-Dr,-Maumee,-OH-43537",68530.0,9275.0,59255.0,68530.0,9275.0,59255.0,,,,,,,,,,,,,,,,
109,"10B-Idared-Ln,-Halfmoon,-NY-12065",,,,,,,,,,,,,,,,,,,,,,
110,"6822-26th-Ave-NE,-Seattle,-WA-98115",,,,819000.0,605000.0,214000.0,637000.0,461000.0,176000.0,,,,,,,,,,,,,
111,"2240-W-Broadway-Rd,-Ste-108,-Mesa,-AZ-85202",,,,,,,,,,,,,,,,,,,,,,
112,"3048-N-Bend-Rd,-Cincinnati,-OH-45239",,,,,,,,,,,,,,,,,,,,,,
113,"207-Midway-Ave,-Seaside-Park,-NJ-08752",357900.0,278300.0,79600.0,,,,357900.0,278300.0,79600.0,,,,,,,,,,,,,
114,"334-High-St,-Rock-Hill,-SC-29730",,,,,,,2737.0,,,,,,,,,,,,,,,
115,"98-Queensberry-St,-Apt-5,-Boston,-MA-02215",,,,,,,,,,,,,,,,,,,,,,
116,"4900-Schumacher-Rd,-High-Ridge,-MO-63049",48600.0,4500.0,44100.0,,,,,,,,,,,,,,,,,,,
117,"771-Tuggle-Hill-Rd,-Rogersville,-TN-37857",69225.0,12500.0,56725.0,,,,,,,,,,,,,,,,,,,
118,"766-Hydrangea-Dr,-Vacaville,-CA-95687",,,,,,,,,,815490.0,214200.0,601290.0,,,,,,,,,,
119,"1110-Mahogany-Way,-Apt-203,-Delray-Beach,-FL-33445",,,,44204.0,,,,,,,,,42614.0,,,,,,,,,
120,"6117-Calwood-Way,-Rockville,-MD-20852",833167.0,,,,,,,,,,,,,,,,,,,,,
121,"3465-Brownsville-Rd-Ext,-Finleyville,-PA-15332",,,,,,,,,,,,,,,,,,,,,,
122,"9999-Ranch-Rd,-Laurens,-SC-29360",,,,,,,,,,,,,,,,,,,,,,
123,"3347-Wiehle-St,-Philadelphia,-PA-19129",309500.0,61900.0,247600.0,,,,,,,,,,,,,,,,,,,
124,"307-S-Center-St,-Weimar,-TX-78962",,,,,,,55900.0,11400.0,44500.0,,,,,,,,,,,,,
125,"21-Eddings-Ln,-Alabaster,-AL-35007",36940.0,,,,,,,,,,,,,,,,,,,,,
126,"807-Montgomery-Ave,-Phoenixville,-PA-19460",,,,,,,,,,137100.0,40310.0,96790.0,,,,,,,,,,
127,"563-Marshall-Ave,-Reading,-PA-19606",,,,,,,,,,66400.0,24500.0,41900.0,,,,,,,,,,
128,"4365-Blackhawk-Dr,-Willits,-CA-95490",,,,,,,,,,,,,,,,,,,,,,
129,"7515-Broadmoor-Cv,-Temple,-TX-76502",,,,,,,,,,350194.0,38000.0,312194.0,,,,,,,,,,
130,"1700-Carver-Ave,-Richmond,-TX-77469",,,,,,,,,,,,,,,,,,,,,,
131,"188-Railroad-St,-Apt-3,-Manville,-RI-02838",,,,,,,,,,,,,,,,,,,,,,
132,"1000-Kings-Hwy,-Unit-74,-Punta-Gorda,-FL-33980",51910.0,,,,,,,,,,,,,,,,,,,,,
133,"209-S-Prospect-Ave,-Apt-101,-Redondo-Beach,-CA-90277",,,,,,,,,,,,,,,,,,,,,,
134,"1022-Level-Creek-Rd,-Apt-207,-Sugar-Hill,-GA-30518",,,,,,,,,,,,,,,,,,,,,,
135,"9427-Kimmel-Ln,-Charlotte,-NC-28216",149200.0,30000.0,119200.0,149200.0,30000.0,119200.0,,,,263600.0,60000.0,203600.0,,,,,,,,,,
136,"1293-N-River-Rd,-Apt-122,-Denham-Springs,-LA-70726",,,,,,,,,,,,,,,,,,,,,,
137,"361-Wilson-Ave,-Lyndhurst,-NJ-07071",336200.0,170000.0,166200.0,,,,336200.0,170000.0,166200.0,,,,,,,,,,,,,
138,"1834-Santa-Fe,-Lewisville,-TX-75077",320700.0,47438.0,273262.0,249848.0,47438.0,202410.0,,,,341000.0,43880.0,297120.0,,,,,,,,,,
139,"3420-Donner-Trl,-Wake-Forest,-NC-27587",,,,,,,,,,273559.0,72500.0,201059.0,,,,,,,,,,
140,"1-Smeton-Pl,-Apt-102,-Towson,-MD-21204",157000.0,50000.0,107000.0,,,,,,,157667.0,,,157000.0,50000.0,107000.0,,,,,,,
141,"413-4th-St-E,-Jasper,-MN-56144",,,,,,,,,,,,,,,,,,,,,,
142,"3160-W-Shawn-Way,-Lot-547,-Ash-Fork,-AZ-86320",,,,,,,,,,,,,,,,,,,,,,
143,"PO-Box-1050,-Wrightsville-Beach,-NC-28480",,,,,,,,,,,,,,,,,,,,,,
144,"131-S-2460-W,-Hurricane,-UT-84737",,,,,,,,,,,,,,,,,,,,,,
145,"912-N-19th-St,-Mcallen,-TX-78501",58066.0,21476.0,36590.0,,,,,,,,,,,,,,,,,,,
146,"24217-Ne-136th-St,-Excelsior-Springs,-MO-64024",,,,,,,24070.0,,,,,,,,,,,,,,,
147,"850-Big-Five-Rd,-Spc-40,-Pahrump,-NV-89048",,,,,,,,,,,,,,,,,,,,,,
148,"1441-Sterns-Dr,-Leesburg,-FL-34748",,,,,,,,,,,,,,,,,,,,,,
149,"337-S-Prospect-St,-Marion,-OH-43302",30620.0,4590.0,26030.0,27020.0,3990.0,23030.0,,,,,,,,,,,,,,,,
150,"1827-Red-Elm,-San-Antonio,-TX-78227",155000.0,30520.0,124480.0,,,,,,,171000.0,36600.0,134400.0,,,,,,,,,,
151,"5-Vickilee-Dr,-Wrightsville,-PA-17368",,,,,,,127750.0,35430.0,92320.0,127750.0,35430.0,92320.0,,,,,,,,,,
152,"668-Lpga-Blvd,-Apt-1203,-Daytona-Beach,-FL-32117",,,,,,,,,,,,,,,,,,,,,,
153,"125-N-Saxony-Dr,-Olathe,-KS-66061",,,,,,,,,,,,,,,,,,,,,,
154,"County-4470-Rd,-Lot-1,-Ozone,-AR-72854",,,,,,,,,,,,,,,,,,,,,,
155,"1160-Se-40th-Ave,-Hillsboro,-OR-97123",225510.0,,,,,,,,,,,,,,,,,,,,,
156,"12313-Foxmoor-Peak-Dr,-Riverview,-FL-33579",,,,124679.0,12272.0,112407.0,115005.0,11311.0,103694.0,,,,,,,,,,,,,
157,"PO-Box-2471,-Columbia,-SC-29202",,,,,,,,,,,,,,,,,,,,,,
158,"11911-Wake-Bluff-Dr,-Raleigh,-NC-27614",585023.0,95000.0,490023.0,,,,,,,585023.0,95000.0,490023.0,,,,,,,,,,
159,"4065-E-Erie-St,-Unit-102,-Gilbert,-AZ-85295",23560.0,4710.0,18850.0,21760.0,4350.0,17410.0,18780.0,3750.0,15030.0,28770.0,5750.0,23020.0,2085.0,2085.0,,,,,,,,
160,"22262-Buffalo-Ave,-Port-Charlotte,-FL-33952",200319.0,,,,,,,,,,,,,,,,,,,,,
161,"728-Ocean-Ave,-Monterey,-CA-93940",,,,,,,,,,,,,,,,,,,,,,
162,"106-Sugarcreek-Ct,-Grovetown,-GA-30813",,,,,,,,,,,,,,,,141061.0,31655.0,109406.0,,,,
163,"361-17th-St-NW,-Unit-1016,-Atlanta,-GA-30363",,,,,,,,,,,,,,,,,,,96000.0,13800.0,82200.0,
164,"221-W-Vine-St,-Bartow,-FL-33830",144744.0,9727.0,135017.0,,,,,,,,,,,,,,,,,,,
165,"3569-E-Portland-Ave,-Tacoma,-WA-98404",,,,,,,,,,597500.0,326100.0,271400.0,,,,,,,,,,
166,"3130-Mangum-Rd,-Apt-39,-Houston,-TX-77092",,,,,,,,,,,,,,,,,,,,,,
167,"26350-Cat-Tail-Dr,-Unit-203,-Galveston,-TX-77554",,,,309830.0,27240.0,282590.0,,,,,,,,,,,,,,,,
168,"10512-Woodstock-Rd,-Odessa,-FL-33556",,,,,,,,,,,,,371403.0,,,,,,,,,
169,"520-Sandra-Dr,-Oxford,-OH-45056",,,,,,,,,,,,,,,,,,,,,,
170,"1697-Village-Ave,-Garnet-Valley,-PA-19060",,,,,,,,,,423460.0,72340.0,351120.0,,,,,,,,,,
171,"12389-Wade-St,-Detroit,-MI-48213",11000.0,,,,,,,,,,,,7200.0,,,,,,,,,
172,"3713-W-56th-Pl,-Chicago,-IL-60629",,,,19000.0,3125.0,15875.0,,,,,,,,,,17591.0,3125.0,14466.0,,,,
173,"14601-Keystone-Ave,-Apt-C1,-Midlothian,-IL-60445",,,,4001.0,403.0,3598.0,,,,,,,,,,4934.0,376.0,4558.0,,,,
174,"8413-S-20th-St,-Phoenix,-AZ-85042",21050.0,4210.0,16840.0,,,,,,,28460.0,5690.0,22770.0,,,,,,,,,,
175,"1500-Speight-Ave-Apt-C,-Waco,-TX-76706",,,,,,,,,,,,,,,,,,,,,,
176,"38-Pheasant-Run,-Old-Tappan,-NJ-07675",,,,,,,,,,,,,,,,,,,,,,
177,"131-N-Grant-Ave,-Apt-1,-American-Fork,-UT-84003",,,,,,,,,,,,,,,,,,,,,,
178,"10-Mira-Loma,-New-Braunfels,-TX-78130",1316159.0,479460.0,836699.0,,,,,,,1458880.0,479460.0,979420.0,,,,,,,,,,
179,"2861-Thaxton-Dr,-Apt-48,-Palm-Harbor,-FL-34684",,,,,,,112316.0,,,,,,,,,,,,,,,
180,"4120-W-Cullerton-St,-Chicago,-IL-60623",,,,,,,,,,,,,,,,12895.0,4406.0,8489.0,,,,
181,"11625-W-Atlantic-Blvd,-Apt-36,-Coral-Springs,-FL-33071",,,,,,,,,,,,,,,,,,,,,,
182,"3403-N-Garrison-St,-Tampa,-FL-33619",180951.0,,,175681.0,21614.0,154067.0,,,,,,,,,,,,,,,,
183,"23W255-Woodcroft-Dr,-Glen-Ellyn,-IL-60137",,,,,,,,,,,,,,,,91670.0,17250.0,74420.0,,,,
184,"6940-Harding-Ave,-Apt-4,-Miami-Beach,-FL-33141",,,,,,,,,,,,,,,,,,,,,,
185,"366-S-Saint-Clair-St,-Painesville,-OH-44077",34310.0,7930.0,26380.0,,,,,,,,,,,,,,,,,,,
186,"29141-Us-Hwy,-19-N-Unit-80,-Clearwater,-FL-33761",,,,,,,,,,,,,,,,,,,,,,
187,"163-Westpoint-Dr,---170,-Carlisle,-PA-17013",,,,,,,,,,,,,,,,,,,,,,
188,"1718-E-Primera-Dr,-Casa-Grande,-AZ-85122",17263.0,2352.0,14911.0,16668.0,,,,,,23479.0,2352.0,21127.0,,,,,,,,,,31315.0
189,"1203-Se-53rd-Ave,-Portland,-OR-97215",277770.0,,,269680.0,,,,,,,,,,,,,,,,,,
190,"1470-Swamp-Ln,-Geneva,-FL-32732",28338.0,,,,,,,,,,,,,,,,,,,,,
191,"920-Kinderkamack-Rd,-Apt-Rear,-River-Edge,-NJ-07661",,,,,,,,,,,,,,,,,,,,,,
192,"5882-Sir-Edward-Ln,-Florissant,-MO-63033",30650.0,5420.0,25230.0,,,,,,,,,,26730.0,4710.0,22020.0,,,,,,,
193,"4232-W-Stiles-St,-Philadelphia,-PA-19104",,,,,,,,,,,,,,,,,,,,,,
194,"763-Peavy-Rd,-Dallas,-TX-75218",,,,,,,1104580.0,471220.0,633360.0,1303360.0,785370.0,517990.0,,,,,,,,,,
195,"8306-Sw-59th-Ter,-Ocala,-FL-34476",317597.0,40000.0,277597.0,,,,,,,,,,,,,,,,,,,
196,"414-E-Pine-St,-Apt-212,-Orlando,-FL-32801",,,,,,,,,,,,,,,,,,,,,,
197,"637-Preston-St,-Columbus,-TX-78934",42050.0,19720.0,22330.0,,,,,,,,,,,,,,,,,,,
198,"3207-Merrick-Dr,-Peachtree-City,-GA-30269",,,,,,,,,,,,,,,,,,,,,,
199,"640-N-Park-Ave,-Apt-29,-Winter-Park,-FL-32789",,,,164400.0,32880.0,131520.0,,,,,,,,,,,,,,,,
200,"PO-Box-293,-Surfside,-CA-90743",,,,,,,,,,,,,,,,,,,,,,
201,"3893-Big-Mountain-Eagle-302-Rd,-Unit-Morning,-Whitefish,-MT-59937",,,,,,,,,,,,,,,,,,,,,,
202,"3400-Stevenson-Blvd,-Apt-B32,-Fremont,-CA-94538",,,,,,,,,,,,,,,,,,,,,,
203,"21-Woodlee-Rd,-Apt-206,-Staunton,-VA-24401",,,,,,,,,,,,,,,,,,,,,,
204,"950-Allen-Ave,-Donora,-PA-15033",,,,,,,,,,,,,,,,,,,,,,
205,"5205-Allen-St,-Unit-G,-Houston,-TX-77007",456637.0,187503.0,269134.0,412760.0,187503.0,225257.0,,,,491577.0,187503.0,304074.0,,,,,,,,,,
206,"2278-Baldwin-Mill-Rd,-Fallston,-MD-21047",,,,,,,,,,,,,,,,,,,,,,
207,"214-Election-St,-Benton,-IL-62812",25155.0,5060.0,20095.0,,,,,,,,,,,,,,,,,,,
208,"10796-Sw-24th-St,-Miami,-FL-33165",,,,,,,,,,,,,,,,,,,,,,
209,"6101-W-Business-83,-Lot-57,-Harlingen,-TX-78552",,,,,,,,,,,,,,,,,,,,,,
210,"20112-10th-Dr-SE,-Bothell,-WA-98012",,,,,,,,,,,,,445800.0,225000.0,220800.0,,,,,,,
211,"250-Martins-Lndg,-Apt-110,-North-Reading,-MA-01864",,,,,,,,,,,,,,,,,,,,,,
212,"18959-E-Montana-Dr,-Aurora,-CO-80017",23797.0,,,24482.0,,,21000.0,,,,,,,,,,,,,,,
213,"34-Northport-Ave,-Belfast,-ME-04915",,,,,,,,,,,,,,,,,,,,,,
214,"Sparks-Mill-At-Rt-213-N-Church-Hill-Rd,-Centreville,-MD-21617",,,,,,,,,,,,,,,,,,,,,,
215,"51-Walnut-St,-Apt-3,-Waterbury,-CT-06702",,,,,,,,,,,,,,,,,,,,,,
216,"1333-Heulu-St,-Apt-903,-Honolulu,-HI-96822",,,,,,,,,,,,,,,,,,,,,,
217,"12526-S-Lowe-Ave,-Chicago,-IL-60628",,,,,,,9721.0,2474.0,7247.0,,,,,,,,,,,,,
218,"7748-Danube-St,-Indianapolis,-IN-46239",193100.0,24200.0,168900.0,159400.0,24200.0,135200.0,,,,,,,,,,,,,,,,
219,"454-Randolph-St-NW,-Washington,-DC-20011",,,,,,,771330.0,409450.0,361880.0,986330.0,462120.0,524210.0,,,,,,,,,,
220,"3073-Bayshore-Dr,-Tallahassee,-FL-32309",,,,152343.0,40000.0,112343.0,,,,,,,130026.0,30000.0,100026.0,,,,,,,
221,"43531-Acacia-Ave,-Spc-9,-Hemet,-CA-92544",,,,,,,,,,,,,,,,,,,,,,
222,"3913-Roan-Ct-W,-West-Palm-Beach,-FL-33403",,,,,,,,,,,,,,,,,,,,,,
223,"1313-Robinhood-Rd,-Wilmington,-NC-28401",,,,,,,,,,,,,171100.0,54500.0,116600.0,,,,,,,
224,"6991-Raburn-Rd,-Pensacola,-FL-32526",234845.0,,,189160.0,,,,,,,,,,,,,,,,,,
225,"316-Reed-Rd,-New-Market,-AL-35761",13920.0,940.0,12980.0,,,,,,,,,,,,,,,,,,,
226,"836-Belmont-St,-Watertown,-MA-02472",,,,,,,,,,823800.0,460200.0,363600.0,,,,,,,,,,
227,"PO-Box-5109,-Anaheim,-CA-92814",,,,,,,,,,,,,,,,,,,,,,
228,"123-Stoneybrook-Rd,---B,-Salisbury,-NC-28147",,,,,,,,,,,,,,,,,,,,,,
229,"2905-Mitchellville-Rd,-Ste-102,-Bowie,-MD-20716",,,,,,,,,,,,,,,,,,,,,,
230,"332-Wilson-Way,-Chowchilla,-CA-93610",,,,,,,104145.0,26037.0,78108.0,204971.0,80380.0,124591.0,,,,,,,,,,
231,"1115-Cordova-St,-Apt-117,-Pasadena,-CA-91106",,,,,,,,,,,,,,,,,,,,,,
232,"796-Mckee-Rd,-Harvest,-AL-35749",16880.0,1300.0,15580.0,,,,,,,,,,,,,,,,,,,
233,"11840-Calabash-Ave,-Fontana,-CA-92337",191127.0,50649.0,140478.0,,,,,,,194950.0,51662.0,143288.0,181822.0,48183.0,133639.0,,,,,,,
234,"1703-Sw-101st-Way,-Miramar,-FL-33025",137820.0,,,,,,,,,,,,,,,,,,,,,
235,"8019-Hayes-St-NE,-Minneapolis,-MN-55432",,,,,,,,,,387400.0,82200.0,305200.0,,,,,,,,,,
236,"45546-Aladdin-St,-Apt-D104,-Indio,-CA-92201",56619.0,13587.0,43032.0,,,,,,,,,,53866.0,12927.0,40939.0,,,,,,,
237,"1476-Goodfellow-Blvd,-Saint-Louis,-MO-63112",,,,,,,,,,,,,,,,,,,,,,
238,"3221-Winding-Rd,-Partlow,-VA-22534",,,,,,,,,,,,,,,,,,,,,,
239,"240-E-47th-St,-Apt-17B,-New-York,-NY-10017",,,,,,,,,,,,,,,,189555.0,28707.0,160848.0,,,,
240,"106-E-Monroe-St,-Pauls-Valley,-OK-73075",,,,,,,,,,,,,,,,,,,,,,
241,"1037-Bethany-Church-Rd,-Winston-Salem,-NC-27107",,,,,,,137460.0,,,,,,,,,,,,,,,
242,"201-E-27th-St,-Long-Beach-Township,-NJ-08008",,,,,,,994900.0,520000.0,474900.0,,,,,,,,,,,,,
243,"1160-Great-River-Pkwy-SE,-Lawrenceville,-GA-30045",,,,,,,,,,,,,,,,,,,,,,
244,"8950-Timothy-Ct,-Orland-Park,-IL-60462",,,,23797.0,7539.0,16258.0,23797.0,7539.0,16258.0,,,,,,,25548.0,6746.0,18802.0,,,,
245,"1027-Sw-28th-St,-Oklahoma-City,-OK-73109",5578.0,968.0,4610.0,,,,,,,,,,,,,,,,,,,
246,"2008-Julia-Ave,-Henderson,-NC-27536",11210.0,3710.0,7500.0,,,,,,,11210.0,3710.0,7500.0,,,,,,,,,,
247,"3675-Chimney-Ridge-Ct,-Ellenwood,-GA-30294",64000.0,7320.0,56680.0,,,,,,,,,,,,,,,,,,,
248,"29-Quaker-Rd,-Pennsville,-NJ-08070",154200.0,50200.0,104000.0,,,,,,,,,,,,,,,,,,,
249,"11255-Fairford-Ave,-Norwalk,-CA-90650",,,,,,,,,,347682.0,232841.0,114841.0,,,,,,,,,,
250,"8217-Aylesbury-Ave,-Las-Vegas,-NV-89129",71157.0,26250.0,44907.0,,,,,,,,,,,,,,,,,,,
251,"22W517-Parkview-Dr,-Glen-Ellyn,-IL-60137",,,,,,,,,,,,,,,,126010.0,27760.0,98250.0,,,,
252,"4286-Mary-Ridge-Dr,-Randallstown,-MD-21133",,,,,,,249733.0,,,,,,,,,,,,,,,
253,"1141-Norton-Dr,-Far-Rockaway,-NY-11691",44100.0,8700.0,35400.0,,,,,,,,,,38040.0,8700.0,29340.0,,,,,,,
254,"3725-W-Nancy-Ln,-Phoenix,-AZ-85041",22400.0,4480.0,17920.0,,,,,,,31630.0,6320.0,25310.0,,,,,,,,,,
255,"3490-Trophy-Lake-Pl,-Pagosa-Springs,-CO-81147",,,,,,,,,,,,,,,,,,,,,,
256,"477-Madeline-Dr,-Pasadena,-CA-91105",2026577.0,1400593.0,625984.0,,,,,,,,,,1927912.0,1332404.0,595508.0,,,,,,,
257,"21531-E-Aberdeen-Dr,-Centennial,-CO-80015",26480.0,,,,,,,,,,,,25704.0,,,,,,,,,
258,"5637-Ridgewood-St,-Philadelphia,-PA-19143",,,,,,,,,,,,,,,,,,,,,,
259,"17806-N-134th-Dr,-Sun-City-West,-AZ-85375",,,,18780.0,3750.0,15030.0,,,,26260.0,5250.0,21010.0,,,,,,,,,,
260,"82-S-Broadway,-Frostburg,-MD-21532",115000.0,16900.0,98100.0,115000.0,16900.0,98100.0,,,,,,,,,,,,,,,,
261,"1255-N-Arizona-Ave,-Unit-1114,-Chandler,-AZ-85225",,,,2445.0,2445.0,,,,,36880.0,7370.0,29510.0,,,,,,,,,,
262,"805-Parkland-Pl,-Glen-Allen,-VA-23059",331000.0,80000.0,251000.0,,,,,,,,,,,,,,,,,,,
263,"836-85th-St,-Miami-Beach,-FL-33141",,,,,,,482724.0,432075.0,50649.0,,,,,,,,,,,,,
264,"5945-W-Parker-Rd,-Apt-2238,-Plano,-TX-75093",,,,,,,,,,,,,,,,,,,,,,
265,"4400-Spring-Harbor-Dr,-Millington,-TN-38053",38850.0,3725.0,35125.0,,,,,,,38850.0,3725.0,35125.0,,,,,,,,,,
266,"1217-S-Gertruda-Ave,-Redondo-Beach,-CA-90277",,,,,,,,,,,,,131029.0,86790.0,44239.0,,,,,,,
267,"17609-Fox-Ct,-Weed,-CA-96094",212935.0,22874.0,190061.0,,,,,,,,,,,,,,,,,,,
268,"3440-Highway,-111,-Anacoco,-LA-71403",,,,,,,,,,,,,,,,,,,,,,
269,"1413-Hunningdon-Woods-Blvd,-Chesapeake,-VA-23320",390900.0,125000.0,265900.0,,,,,,,405400.0,130000.0,275400.0,,,,,,,,,,
270,"708-S-Benton-St,-Cape-Girardeau,-MO-63703",,,,,,,,,,3990.0,560.0,3430.0,,,,,,,,,,
271,"211-Simsbury-Ln,-Forest,-VA-24551",173800.0,35000.0,138800.0,,,,,,,,,,,,,,,,,,,
272,"109-Lindsey-Ct,-Franklin-Park,-NJ-08823",221100.0,80000.0,141100.0,,,,,,,,,,,,,,,,,,,
273,"2517-Pineapple-Ave,-Melbourne,-FL-32935",382000.0,,,,,,,,,,,,,,,,,,,,,
274,"9514-Pondside-Ln,-Charlotte,-NC-28213",176200.0,40000.0,136200.0,,,,,,,,,,,,,,,,,,,
275,"2991-Marshfield-Preserve-Way,-Kissimmee,-FL-34746",269800.0,40000.0,229800.0,,,,,,,,,,,,,,,,,,,
276,"2414-1-2-E-10th-St,-Indianapolis,-IN-46201",,,,,,,,,,,,,,,,,,,,,,
277,"4342-S-Saint-Louis-Ave,-Chicago,-IL-60632",,,,,,,,,,,,,,,,19740.0,3270.0,16470.0,,,,
278,"2323-Southern-Oak-Dr,-Apt-2078,-Arlington,-TX-76011",,,,,,,,,,,,,,,,,,,,,,
279,"7817-Opal-Dr,-Chattanooga,-TN-37416",45825.0,,,,,,,,,,,,,,,,,,,,,
280,"3736-N-Beehive-St,-Coeur-D-Alene,-ID-83815",,,,,,,220484.0,94559.0,125925.0,,,,204137.0,85963.0,118174.0,,,,,,,
281,"20-Walts-Hl,-Bloomfield,-CT-06002",212660.0,51380.0,161280.0,,,,,,,,,,,,,,,,,,,
282,"1181-60th-Ave,-Oakland,-CA-94621",,,,,,,91877.0,27563.0,64314.0,,,,,,,,,,,,,
283,"PO-Box-279,-Elrama,-PA-15038",,,,,,,,,,,,,,,,,,,,,,
284,"1100-N-Washington-Ave-Apt-J,-Douglas,-AZ-85607",,,,,,,,,,,,,,,,,,,,,,
285,"1100-W-81st-Pl,-Los-Angeles,-CA-90044",391456.0,294128.0,97328.0,,,,,,,399284.0,300010.0,99274.0,372400.0,279809.0,92591.0,,,,,,,
286,"13-Milford-Ln,-Glen-Cove,-NY-11542",655.0,255.0,400.0,,,,,,,655.0,255.0,400.0,,,,,,,,,,
287,"1601-Ponderosa-Dr,-Jefferson-City,-TN-37725",,,,,,,,,,,,,,,,,,,,,,
288,"34455-Hazelwood-St,-Westland,-MI-48186",95100.0,,,,,,,,,,,,,,,,,,,,,
289,"4643-Chetwood-Ln-SW,-Albuquerque,-NM-87105",33026.0,8734.0,24292.0,,,,,,,,,,,,,,,,,,,
290,"6909-Juniper-Rd,-Little-Rock,-AR-72209",19163.0,3000.0,16163.0,13650.0,200.0,13450.0,13650.0,200.0,13450.0,,,,13650.0,200.0,13450.0,,,,,,,
291,"4138-Gregory-St,-Oakland,-CA-94619",,,,,,,1098341.0,329502.0,768839.0,1154541.0,346362.0,808179.0,,,,,,,,,,
292,"147-Westmoreland-Rd,-Whitesboro,-NY-13492",,,,95000.0,17000.0,78000.0,,,,,,,,,,,,,,,,
293,"2130-Park-Vlg,-Denison,-TX-75020",317817.0,44702.0,273115.0,,,,,,,345467.0,44702.0,300765.0,,,,,,,,,,
294,"1372-Carey-Glen-Cir,-Orlando,-FL-32824",241355.0,65000.0,176355.0,198758.0,55000.0,143758.0,,,,,,,,,,,,,,,,
295,"21910-Cypress-Dr,-Apt-36L,-Boca-Raton,-FL-33433",,,,,,,,,,,,,,,,,,,,,,
296,"1864-E-Rosewood-Ct,-Apt-D,-Ontario,-CA-91764",,,,,,,,,,,,,,,,,,,,,,
297,"305-Marilyn-Glover-Dr,-Elgin,-OK-73538",,,,,,,,,,,,,,,,,,,,,,
298,"1301-Hillbrow-Ln,-Apt-204,-Raleigh,-NC-27615",,,,,,,,,,129073.0,,129073.0,,,,,,,,,,
299,"214-Bonnavue-Dr,-Hermitage,-TN-37076",,,,,,,39925.0,8250.0,31675.0,,,,,,,,,,,,,
300,"267-Panorama-Trl,-Rochester,-NY-14625",,,,,,,,,,,,,,,,,,,,,,
301,"1245-Wild-Hawthorn-Way,-Reston,-VA-20194",562920.0,170000.0,392920.0,509910.0,145000.0,364910.0,499280.0,145000.0,354280.0,,,,,,,,,,,,,
302,"4846-Lago-Vista-Cir,-Land-O-Lakes,-FL-34639",,,,,,,362037.0,79189.0,282848.0,,,,,,,,,,,,,
303,"411-Jasmine-Ave-Apt-B,-Corona-Del-Mar,-CA-92625",,,,,,,,,,,,,,,,,,,,,,
304,"126-New-Britain-Ave,-Apt-D2,-Plainville,-CT-06062",,,,,,,,,,,,,,,,,,,,,,
305,"2008-De-Verne-St,-Austin,-TX-78704",,,,664782.0,500000.0,240168.0,604347.0,500000.0,104347.0,,,,,,,,,,,,,
306,"270-Wallabout-St,-Apt-5B,-Brooklyn,-NY-11206",83198.0,3928.0,79270.0,78869.0,3928.0,74941.0,,,,,,,82612.0,3928.0,78684.0,,,,,,,
307,"2302-N-36th-St,-Apt-10,-Phoenix,-AZ-85008",,,,,,,,,,,,,,,,,,,,,,
308,"16313-Braeburn-Ridge-Trl,-Delray-Beach,-FL-33446",422894.0,,,410577.0,117568.0,293009.0,387982.0,93500.0,294482.0,,,,392324.0,99000.0,293324.0,,,,,,,
309,"4224-S-Nucla-Way,-Aurora,-CO-80013",21907.0,,,22537.0,,,,,,,,,,,,,,,,,,
310,"1711-Melrose-Ave,-Irwin,-PA-15642",23610.0,5680.0,17930.0,,,,,,,,,,,,,,,,,,,
311,"3834-Landon-Park-Dr,-Katy,-TX-77449",281907.0,46900.0,235007.0,,,,207938.0,32398.0,175540.0,,,,,,,,,,,,,
312,"107-Penny-Dr,-Athens,-GA-30605",88400.0,12000.0,76400.0,,,,,,,,,,,,,,,,,,,
313,"4519-N-Village-Pkwy,-Litchfield-Park,-AZ-85340",,,,27240.0,27240.0,,,,,103050.0,20610.0,82440.0,,,,,,,,,,
314,"895-Edgewater-Blvd,-Tahlequah,-OK-74464",,,,,,,,,,,,,,,,,,,,,,
315,"2924-Arbusto,-Grand-Prairie,-TX-75054",484658.0,80000.0,404658.0,,,,,,,591931.0,90000.0,501931.0,,,,,,,,,,
316,"6526-Cereus-Ct,-Laredo,-TX-78043",28308.0,28308.0,,,,,,,,,,,,,,,,,,,,
317,"804-Arbor-Hill-Cir,-Minneola,-FL-34715",99800.0,,,96896.0,,,,,,,,,,,,,,,,,,
318,"10-Sampson-Ave,-Edgartown,-MA-02539",,,,,,,371900.0,135900.0,236000.0,,,,,,,,,,,,,
319,"W335S5050-Fox-Hollow-Dr,-Dousman,-WI-53118",,,,,,,,,,,,,,,,,,,,,,
320,"7501-Pond-View-Ct,-Tampa,-FL-33615",69993.0,,,67954.0,,,67016.0,,,,,,,,,,,,,,,
321,"3202-Morganford-Rd,-Saint-Louis,-MO-63116",,,,,,,,,,,,,,,,,,,,,,
322,"107-S-Smallwood-Pl,-Charlotte,-NC-28208",250800.0,140000.0,110800.0,,,,,,,346200.0,162500.0,183700.0,250800.0,140000.0,110800.0,,,,,,,
323,"419-Morris-Ave-SE,-Grand-Rapids,-MI-49503",,,,,,,,,,,,,319600.0,,,,,,,,,
324,"10415-Hyannisport-Loop,-San-Antonio,-FL-33576",224410.0,32495.0,191915.0,,,,214880.0,22100.0,192780.0,,,,,,,,,,,,,
325,"235-Old-Bethel-Church-Rd,-Winchester,-VA-22603",,,,155700.0,49800.0,105900.0,,,,,,,,,,,,,,,,
326,"1221-W-Butler-Dr,-Chandler,-AZ-85224",,,,24630.0,4920.0,19710.0,,,,34710.0,6940.0,27770.0,,,,,,,,,,40120.0
327,"10-Lexington-Ave,-Cranford,-NJ-07016",140000.0,72100.0,67900.0,,,,,,,,,,,,,,,,,,,
328,"37220-Neukom-Ave,-Zephyrhills,-FL-33541",188320.0,27240.0,161080.0,,,,,,,,,,,,,,,,,,,
329,"8000-W-Broward-Blvd,-Ste-719,-Plantation,-FL-33388",,,,,,,,,,,,,,,,,,,,,,
330,"6041-E-Freshman-Dr,-Saginaw,-MI-48604",,,,,,,,,,,,,,,,,,,,,,
331,"Harold-Cemetery-Rd,-Greeneville,-TN-37745",,,,,,,,,,,,,,,,,,,,,,
332,"881-Lincoln-Rd,-Grosse-Pointe,-MI-48230",121900.0,,,123500.0,,,,,,,,,,,,,,,,,,
333,"6808-Stratford-Ct,-Saint-Paul,-MN-55125",364100.0,123000.0,241100.0,,,,,,,,,,,,,,,,,,,
334,"805-Thackeray-Trl,-Oconomowoc,-WI-53066",320700.0,89200.0,231500.0,,,,,,,,,,,,,,,,,,,
335,"5219-Byers-Rd,-Alpharetta,-GA-30022",85560.0,20480.0,65080.0,85560.0,20480.0,65080.0,80240.0,19440.0,60800.0,,,,,,,,,,,,,
336,"334-Huntcliff-Village-Ct,-Atlanta,-GA-30350",,,,,,,,,,,,,,,,,,,,,,
337,"2912-Elkmont-Ct,-Little-Rock,-AR-72204",24320.0,1000.0,23320.0,15940.0,3000.0,12940.0,15940.0,3000.0,12940.0,24320.0,1000.0,23320.0,,,,,,,,,,
338,"1029-Nevada-Sky-St,-Las-Vegas,-NV-89128",53232.0,18200.0,35032.0,,,,,,,,,,,,,,,,,,,
339,"720-N-Eureka-St,-Redlands,-CA-92374",,,,,,,,,,,,,,,,,,,,,,
340,"13001-116th-Ln,-Largo,-FL-33778",,,,,,,,,,,,,,,,,,,,,,
341,"611-E-Fairmeadows-Dr,-Duncanville,-TX-75116",165780.0,45000.0,120780.0,,,,129670.0,28000.0,101670.0,165780.0,45000.0,120780.0,,,,,,,,,,
342,"406-Sw-15th-Pl,-Cape-Coral,-FL-33991",,,,,,,,,,,,,,,,,,,,,,
343,"2600-N-2700-W,-Plain-City,-UT-84404",,,,,,,,,,,,,,,,,,,,,,
344,"3145-Red-Oak-Trl,-Decatur,-GA-30034",119200.0,9840.0,109360.0,,,,80640.0,9840.0,70800.0,,,,,,,,,,,,,
345,"1315-Henley-St,-Apt-1006,-Naples,-FL-34105",,,,,,,,,,,,,,,,,,,,,,
346,"2196-Chandlers-Walk-Ln,-Jacksonville,-FL-32246",293349.0,,,,,,,,,,,,,,,,,,,,,
347,"35348-Barton-Dr,-Zephyrhills,-FL-33541",72210.0,31919.0,40291.0,,,,,,,,,,,,,,,,,,,
348,"2824-Longleaf-Ct,-Kissimmee,-FL-34746",231767.0,,,225017.0,,,221911.0,,,238720.0,,,216922.0,,,,,,,,,
349,"638-N-Orange-Dr,-Los-Angeles,-CA-90036",,,,,,,,,,,,,,,,,,,,,,
350,"1590-Sw-Falmouth-Ave,-Port-Saint-Lucie,-FL-34953",,,,,,,,,,,,,,,,,,,,,,
351,"County-Rds---H-And-Road-30-Rd,-Brush,-CO-80723",,,,,,,,,,,,,,,,,,,,,,
352,"1901-Lakeshore-Cir,-Longwood,-FL-32750",330097.0,,,,,,324779.0,,,,,,,,,,,,,,,
353,"1609-W-Schunior-St,-Apt-1406,-Edinburg,-TX-78541",,,,,,,,,,,,,,,,,,,,,,
354,"2022-Edgewood-Dr,-Bridgeport,-TX-76426",169809.0,,,,,,,,,,,,,,,,,,,,,
355,"4980-Community-Cir,-Milton,-FL-32583",35181.0,,,,,,,,,,,,,,,,,,,,,
356,"239-Fowler-Cir,-Dobson,-NC-27017",,,,,,,,,,,,,,,,,,,,,,
357,"502-Crater-Lake-Dr,-League-City,-TX-77573",450480.0,65440.0,385040.0,,,,,,,486210.0,65440.0,420770.0,,,,,,,,,,
358,"63-Maplecrest-Cir,-Jupiter,-FL-33458",88964.0,,,,,,,,,,,,,,,,,,,,,
359,"655-N-Santa-Fe-Dr,-Unit-317,-Denver,-CO-80204",,,,,,,,,,,,,,,,,,,,,,
360,"6707-Utsa-Blvd,-Apt-4402,-San-Antonio,-TX-78249",,,,,,,,,,,,,,,,,,,,,,
361,"6428-W-Locust-St,-Milwaukee,-WI-53210",150000.0,6900.0,143100.0,123000.0,6900.0,116100.0,,,,,,,,,,,,,,,,
362,"275-114th-Ave-N,-Unit-6,-Saint-Petersburg,-FL-33716",103753.0,,,,,,,,,,,,,,,,,,,,,
363,"251-Birch-Ln,-Lakeland,-FL-33813",137211.0,,,,,,,,,,,,,,,,,,,,,
364,"5885-Ledro-Ln,-Myrtle-Beach,-SC-29577",,,,23448.0,8712.0,14736.0,2712.0,2712.0,,,,,,,,,,,,,,
365,"183-Jerusalem-Rd,-Cohasset,-MA-02025",,,,,,,,,,,,,,,,,,,,,,
366,"301-Arbor-Ct,-Bolingbrook,-IL-60440",,,,,,,144687.0,44709.0,99978.0,,,,135096.0,41745.0,93351.0,124281.0,38403.0,85878.0,112194.0,34668.0,77526.0,
367,"325-Marche-Chase-Dr,-Apt-139,-Eugene,-OR-97401",,,,,,,,,,,,,,,,,,,,,,
368,"120-N-Everett-High-Rd,-Maryville,-TN-37804",,,,,,,,,,,,,,,,,,,,,,
369,"1352-27th-St-NW,-Washington,-DC-20007",1210240.0,635440.0,574800.0,,,,,,,,,,,,,,,,,,,
370,"21185-County-Rd,-81-NW,-Big-Lake,-MN-55309",,,,,,,,,,,,,,,,,,,,,,
371,"750-Noonan-Rd,-York,-PA-17404",61230.0,19960.0,41270.0,,,,61230.0,19960.0,41270.0,,,,,,,,,,,,,
372,"45658-Ford-Rd,-Canton,-MI-48187",,,,,,,,,,,,,,,,,,,,,,
373,"PO-Box-554,-Fruitland-Park,-FL-34731",,,,,,,,,,,,,,,,,,,,,,
374,"7213-Idylwood-Ct,-Falls-Church,-VA-22043",940680.0,380000.0,560680.0,,,,,,,,,,,,,,,,,,,
375,"8100-W-Oakton-St,-Apt-203,-Niles,-IL-60714",,,,,,,,,,,,,,,,,,,,,,
376,"706-Yarmouth-Ct,-San-Diego,-CA-92109",1906547.0,1772575.0,133972.0,1869165.0,1737819.0,131346.0,,,,,,,,,,,,,,,,
377,"513-1st-Ave,-New-Bern,-NC-28560",,,,,,,,,,5400.0,5400.0,,,,,,,,,,,
378,"4607-Westgarden-Pl,-Katy,-TX-77449",238100.0,41452.0,196648.0,,,,,,,267907.0,62177.0,205730.0,21600.0,21600.0,,,,,,,,
379,"8123-Merryvale-Ln,-Charlotte,-NC-28214",,,,,,,,,,372400.0,75000.0,297400.0,,,,,,,,,,
380,"7811-Amber-Ct,-Texas-City,-TX-77591",339430.0,25490.0,313940.0,,,,,,,329666.0,25490.0,304176.0,199000.0,25490.0,173510.0,,,,,,,
381,"3201-Wendover-Rd,-Dallas,-TX-75214",7040290.0,6581700.0,458590.0,,,,,,,7194170.0,6753220.0,440950.0,,,,,,,,,,
382,"109-N-Main-St,-Apt-1203,-Memphis,-TN-38103",30375.0,400.0,29975.0,,,,,,,30375.0,400.0,29975.0,,,,,,,,,,
383,"231-26th-Ave-E,-Apt-208,-Seattle,-WA-98112",,,,,,,,,,,,,,,,,,,,,,
384,"7036-S-Winchester-Ave,-Chicago,-IL-60636",,,,,,,,,,,,,,,,,,,,,,
385,"7401-Plumosa-Ln,-Fort-Pierce,-FL-34951",,,,98981.0,,,,,,,,,,,,,,,,,,
386,"23-Black-Bear-Rd,-Unit-509,-Waterville-Valley,-NH-03215",,,,,,,,,,,,,,,,,,,,,,
387,"3015-Cielo-Ct,-Santa-Fe,-NM-87507",,,,,,,,,,,,,,,,,,,,,,
388,"112-Church-St,-Ste-J,-Elkin,-NC-28621",,,,,,,,,,,,,,,,,,,,,,
389,"1541-Mcclaren-Dr,-Carmichael,-CA-95608",,,,,,,,,,,,,,,,,,,,,,
390,"42-Park-St,-East-Millinocket,-ME-04430",,,,,,,,,,,,,,,,,,,,,,
391,"521-Oakside-Pl,-Acworth,-GA-30102",96320.0,16000.0,80320.0,80400.0,16000.0,64400.0,,,,,,,,,,,,,,,,
392,"4650-Centauri-Rd,-Colorado-Springs,-CO-80919",,,,,,,,,,,,,29090.0,5790.0,23300.0,,,,,,,
393,"13031-Iris-Garden-Ln,-Houston,-TX-77044",207268.0,23092.0,184176.0,,,,180373.0,23092.0,157281.0,259662.0,23092.0,236570.0,,,,,,,,,,
394,"1735-Dynasty-Cir,-Glenn-Heights,-TX-75154",259350.0,72000.0,187350.0,,,,,,,318610.0,84000.0,234610.0,143870.0,28800.0,115070.0,,,,,,,
395,"1422-Todville-Rd,-Seabrook,-TX-77586",675659.0,210000.0,465659.0,,,,,,,,,,,,,,,,,,,
396,"3709-Venable-Ave,-Charleston,-WV-25304",62640.0,31080.0,31560.0,,,,,,,,,,,,,,,,,,,
397,"3111-Fairlanes-Blvd,-Apt-144,-Borger,-TX-79007",,,,,,,,,,,,,,,,,,,,,,
398,"6809-Midnight-Sun-Dr,-Maineville,-OH-45039",64834.0,10763.0,54072.0,64834.0,10763.0,54072.0,,,,,,,,,,,,,,,,
399,"16565-Vanowen-St,-Apt-101,-Van-Nuys,-CA-91406",,,,,,,,,,,,,,,,,,,,,,
400,"1525-Topping-Ave,-Kansas-City,-MO-64126",,,,,,,,,,5550.0,580.0,4970.0,3556.0,380.0,3176.0,,,,,,,
401,"710-Dove-Creek-Trl,-Southlake,-TX-76092",646413.0,230800.0,415613.0,,,,,,,760630.0,346200.0,414430.0,,,,,,,,,,
402,"131G-Taylor-Ave,-Unit-1,-Plymouth,-MA-02360",,,,,,,,,,,,,,,,,,,,,,
403,"904-Arnett-Dr,-Newport-News,-VA-23608",,,,,,,,,,,,,,,,,,,,,,
404,"143-Ranger-Rd,-Wells,-NY-12190",,,,,,,,,,,,,,,,,,,,,,
405,"6831-Lillian-Ln,-Eden-Prairie,-MN-55346",952200.0,304900.0,647300.0,,,,,,,,,,,,,,,,,,,
406,"11-Tillie-St,-Bay-Shore,-NY-11706",29100.0,5000.0,24100.0,,,,,,,,,,,,,,,,,,,
407,"9168-Maple-Grove-Dr,-Summerville,-SC-29485",9540.0,2100.0,7440.0,,,,,,,,,,,,,,,,,,,
408,"413-Brian-Dr,-Tallmadge,-OH-44278",,,,,,,,,,,,,,,,,,,,,,
409,"423-Dennison-Dr,-West-Mifflin,-PA-15122",54300.0,18100.0,36200.0,,,,,,,,,,,,,,,,,,,
410,"6847-Canyonpoint-Rd,-Castle-Rock,-CO-80108",,,,,,,,,,,,,,,,,,,,,,
411,"202-Bradford,-San-Antonio,-TX-78228",125210.0,25970.0,99240.0,,,,84858.0,17930.0,76270.0,128700.0,28530.0,100170.0,,,,70131.0,,,,,,
412,"214-S-9th-St,-Hamilton,-OH-45011",,,,520.0,520.0,,,,,,,,,,,,,,,,,
413,"3800-W-Irving-Park-Rd,-Unit-2E,-Chicago,-IL-60618",,,,,,,,,,,,,,,,,,,,,,
414,"2912-Millie-Ave,-Las-Vegas,-NV-89101",,,,,,,39204.0,15750.0,23454.0,56171.0,27300.0,28871.0,,,,,,,,,,
415,"117-John-St,-Hagerstown,-MD-21740",,,,,,,53700.0,,,,,,,,,,,,,,,
416,"40-Southwick-Dr,-Bedford,-OH-44146",,,,,,,,,,,,,,,,,,,,,,
417,"1094-Avondale-Rd,-South,-Euclid,-OH-44121",,,,,,,,,,,,,,,,,,,,,,
418,"427-National-Union-Blvd,-Tuckerton,-NJ-08087",,,,,,,,,,,,,,,,,,,,,,
419,"2669-Griffin-Ave,-Apt-103,-Los-Angeles,-CA-90031",,,,,,,,,,,,,,,,,,,,,,
420,"2016-Broderick-Ave,-Duarte,-CA-91010",,,,,,,,,,38816.0,11990.0,26826.0,,,,,,,,,,
421,"11278-Cedar-Beach-Dr-NW,-Oronoco,-MN-55960",,,,,,,,,,,,,,,,,,,,,,
422,"442-Hillabee-Dr,-Montgomery,-AL-36117",,,,,,,,,,,,,18270.0,3300.0,14970.0,,,,,,,
423,"2400-Parkland-Dr-NE,-Unit-369,-Atlanta,-GA-30324",,,,,,,,,,,,,,,,,,,,,,
424,"78-E-Crystal-Canyon-Cir,-Spring,-TX-77389",684767.0,110998.0,573769.0,561257.0,105713.0,455544.0,,,,797428.0,137427.0,660001.0,,,,,,,,,,
425,"526-Adams-St,-Owosso,-MI-48867",52400.0,,,,,,,,,58200.0,,,,,,,,,,,,
426,"4217-W-76th-St,-Apt-301,-Chicago,-IL-60652",,,,,,,,,,,,,,,,6284.0,1560.0,4724.0,,,,
427,"3242-Utica-St,-Denver,-CO-80212",,,,45630.0,23370.0,22260.0,41600.0,23370.0,18230.0,,,,,,,,,,,,,
428,"6210-Presidential-Ln,-Unit-143,-Sacramento,-CA-95828",,,,,,,,,,,,,,,,,,,,,,
429,"13401-Legendary-Dr,-Apt-5108,-Austin,-TX-78727",,,,,,,,,,,,,,,,,,,,,,
430,"288-Kent-Rd,-Upper-Darby,-PA-19082",,,,,,,46250.0,12800.0,33450.0,72790.0,14080.0,58710.0,,,,,,,,,,
431,"612-Camino-Dr,-Mesquite,-TX-75149",200000.0,45000.0,155000.0,,,,128400.0,,,,,,,,,,,,,,,
432,"1234-Sweet-Gum-Dr,-Brandon,-FL-33511",124947.0,,,121308.0,,,119633.0,,,,,,,,,,,,,,,
433,"14447-Austin-Creek-Ave,-Bakersfield,-CA-93314",,,,,,,481980.0,112087.0,369893.0,506644.0,117822.0,388822.0,,,,,,,,,,
434,"3440-E-Berkshire-Ct,-Unit-C,-Orange,-CA-92869",413077.0,234340.0,178737.0,,,,,,,421338.0,239027.0,182311.0,,,,,,,,,,
435,"17770-Seidner-Ave,-Escalon,-CA-95320",,,,,,,,,,,,,,,,,,,,,,
436,"2159-State-Rte,-131,-Batavia,-OH-45103",,,,,,,,,,,,,,,,,,,,,,
437,"3306-Pepperhill-Rd,-Lexington,-KY-40502",,,,265000.0,,,,,,265000.0,,,,,,,,,,,,
438,"2547-Sandy-Lake-Dr,-Friendswood,-TX-77546",290580.0,125760.0,164820.0,,,,,,,,,,,,,,,,,,,
439,"9814-N-2nd-Pl,-Phoenix,-AZ-85020",19730.0,3940.0,15790.0,,,,,,,,,,,,,,,,,,,
440,"19183-Robson-St,-Detroit,-MI-48235",35200.0,,,,,,26700.0,,,44000.0,,,,,,,,,,,,
441,"653-Lindell-Ave,-Apt-1,-Louisville,-KY-40211",,,,,,,,,,,,,,,,,,,,,,
442,"2321-Old-Greenville-Hwy,-Pendleton,-SC-29670",17620.0,1340.0,16280.0,,,,,,,,,,,,,,,,,,,
443,"295-Seven-Farms-Dr,-Ste-201,-Daniel-Island,-SC-29492",,,,,,,,,,,,,,,,,,,,,,
444,"914-Taxus-Dr,-Apt-103,-Odenton,-MD-21113",,,,,,,,,,,,,,,,,,,,,,
445,"310-Jennie-Ave,-Oxford,-MS-38655",,,,,,,,,,,,,,,,,,,,,,
446,"180-Fairway-Dr,-Abingdon,-VA-24211",,,,,,,,,,,,,,,,,,,,,,
447,"6520-Fairlawn-Dr,-Frisco,-TX-75035",473162.0,105000.0,368162.0,,,,,,,522042.0,126000.0,396042.0,,,,,,,,,,
448,"690-Lake-16-Dr,-Allegan,-MI-49010",77900.0,25400.0,52500.0,,,,,,,,,,,,,,,,,,,
449,"4346-Middlebrook-Rd,-Orlando,-FL-32811",51774.0,,,,,,,,,,,,48457.0,,,,,,,,,
450,"3964-Pomodoro-Cir,-Unit-104,-Cape-Coral,-FL-33909",103533.0,,,,,,,,,,,,,,,,,,,,,
451,"101-Eagle-Trace-Ct,-Panama-City-Beach,-FL-32413",290833.0,72300.0,218533.0,,,,,,,,,,,,,,,,,,,
452,"5438-E-20th-Pl,-Indianapolis,-IN-46218",105500.0,9000.0,96500.0,91200.0,9000.0,82200.0,,,,,,,,,,,,,,,,
453,"2332-Cerberus-Dr,-San-Antonio,-TX-78245",302850.0,39880.0,262970.0,243310.0,36260.0,207050.0,,,,310000.0,47790.0,262210.0,,,,,,,,,,
454,"7529-Southridge-Ln,-Savage,-MN-55378",,,,,,,,,,236600.0,73500.0,163100.0,,,,,,,,,,
455,"1006-Knollwood-Dr,-Birmingham,-AL-35242",,,,53180.0,,,,,,,,,,,,,,,,,,
456,"1130-Mountainbrook-Dr,-Shreveport,-LA-71118",,,,14940.0,2996.0,11944.0,,,,18859.0,2996.0,15863.0,,,,,,,,,,
457,"10111-Palo-Alto-St,-Rancho-Cucamonga,-CA-91730",,,,,,,,,,,,,,,,,,,,,,
458,"1-Ardley-Ln,-Bella-Vista,-AR-72714",28450.0,800.0,27650.0,,,,,,,,,,,,,,,,,,,
459,"228-Ollie-Miller-Rd,-Jasper,-AL-35504",,,,,,,,,,,,,,,,,,,,,,
460,"83-Barrett-Ave,-Worcester,-MA-01605",,,,,,,,,,414100.0,103300.0,310800.0,,,,,,,,,,
461,"390-Harrison-Ave,-Apt-821,-Boston,-MA-02118",,,,,,,,,,,,,,,,,,,,,,
462,"PO-Box-482,-Gloucester-Point,-VA-23062",,,,,,,,,,,,,,,,,,,,,,
463,"27128-E-Lana-Ln,-Conroe,-TX-77385",197080.0,58000.0,181110.0,,,,163570.0,11690.0,160390.0,216790.0,58000.0,188360.0,,,,,,,,,,
464,"27-Kensington-Dr,-Mount-Holly,-NJ-08060",294500.0,67900.0,226600.0,,,,,,,,,,,,,,,,,,,
465,"3513-Roller-Xing,-Austin,-TX-78728",435594.0,275000.0,160594.0,,,,251900.0,75000.0,176900.0,446447.0,275000.0,171447.0,251900.0,75000.0,176900.0,,,,,,,
466,"2584-Panola-Rd,-Lithonia,-GA-30058",,,,,,,,,,,,,,,,,,,,,,
467,"2251-Forest-St,-Denver,-CO-80207",,,,59230.0,37970.0,21260.0,,,,,,,,,,,,,,,,
468,"2211-Butte-Pl,-Davis,-CA-95616",,,,,,,,,,182438.0,22175.0,160263.0,,,,,,,,,,
469,"2017-Warfield-Ave---B,-Redondo-Beach,-CA-90278",628012.0,405365.0,222647.0,,,,609386.0,393342.0,216044.0,,,,,,,,,,,,,
470,"179-Mahaffey-Dr,-Richmond-Hill,-GA-31324",119880.0,30000.0,89880.0,104640.0,30000.0,74640.0,,,,,,,,,,,,,,,,
471,"2101-Sw-Sunset-Blvd,-Apt-A112,-Renton,-WA-98057",,,,,,,,,,,,,,,,,,,,,,
472,"890-Old-Rocky-Rd,-Atlanta,-GA-30349",39200.0,3800.0,35400.0,38040.0,3680.0,34360.0,37600.0,3640.0,33960.0,,,,,,,,,,,,,
473,"640-W-Caladium-Cir,---B,-Panama-City-Beach,-FL-32413",,,,,,,84133.0,13481.0,70652.0,,,,,,,,,,,,,
474,"502-E-Chapman-Ave,-Fullerton,-CA-92832",,,,,,,,,,180513.0,108735.0,71778.0,,,,,,,,,,
475,"8-Serpentine-Rd,-Ringwood,-NJ-07456",230500.0,136500.0,94000.0,,,,,,,,,,,,,,,,,,,
476,"224-Bay-48th-St,-Brooklyn,-NY-11214",38220.0,11040.0,27180.0,,,,,,,43620.0,11040.0,32580.0,37080.0,11040.0,26040.0,,,,,,,
477,"7033-S-2980-W,-West-Jordan,-UT-84084",284735.0,82500.0,202235.0,,,,290500.0,115000.0,175500.0,,,,,,,,,,,,,
478,"8422-Ne-Knott-St,-Unit-B,-Portland,-OR-97220",,,,,,,,,,,,,,,,,,,,,,
479,"782-Bristol-Way,-Lithonia,-GA-30058",93400.0,11000.0,82400.0,80760.0,11000.0,69760.0,69640.0,11000.0,58640.0,,,,,,,,,,,,,
480,"136-Burns-Rd,-Spartanburg,-SC-29307",3780.0,540.0,3240.0,,,,,,,,,,,,,,,,,,,
481,"2025-Sterling-Gate-Dr,-Heartland,-TX-75126",277315.0,70000.0,207315.0,,,,201690.0,55000.0,146690.0,304185.0,70000.0,234185.0,200370.0,45000.0,155370.0,,,,,,,
482,"5814-Maylandia-Rd,-Charlotte,-NC-28269",252400.0,50000.0,202400.0,252400.0,50000.0,202400.0,,,,363600.0,103500.0,260100.0,,,,,,,,,,
483,"8960-Sw-Hwy,-200-Ste-4,-Ocala,-FL-34481",,,,,,,,,,,,,,,,,,,,,,
484,"813-Sw-2nd-St,-Cape-Coral,-FL-33991",,,,,,,,,,,,,,,,,,,,,,
485,"2421-Lake-Kismet-Ter,-Cape-Coral,-FL-33993",,,,,,,,,,,,,,,,,,,,,,
486,"6-Teenia-St,-Thomasville,-NC-27360",111910.0,,,,,,,,,111910.0,,,,,,,,,,,,
487,"Cherokee-Dr,-Salida,-CO-81201",,,,,,,,,,,,,,,,,,,,,,
488,"7220-Lake-Hill-Trl,-Sachse,-TX-75048",388078.0,84000.0,304078.0,296136.0,68250.0,227886.0,,,,421738.0,105000.0,316738.0,,,,,,,,,,
489,"520-N-New-Jersey-St,-Indianapolis,-IN-46204",,,,,,,,,,,,,,,,,,,,,,
490,"1822-21st-St,-Apt-C,-Santa-Monica,-CA-90404",,,,,,,,,,,,,,,,,,,,,,
491,"1821-65th-St,-Kenosha,-WI-53143",69700.0,11300.0,58400.0,69700.0,11300.0,58400.0,,,,,,,,,,,,,,,,
492,"193-N-5th-St,-Apt-1,-San-Jose,-CA-95112",,,,,,,,,,,,,,,,,,,,,,
493,"3020-Westminster-Dr,-Dallas,-TX-75234",510720.0,70000.0,440720.0,,,,,,,,,,,,,,,,,,,
494,"4937-Sw-Nevada-Ct,-Portland,-OR-97219",,,,,,,,,,,,,,,,,,,,,,
495,"101-Brown-Dr,-Warner-Robins,-GA-31093",33264.0,5400.0,27864.0,,,,,,,,,,,,,,,,,,,
496,"4957-Katella-Ave-Ste-B,-Cypress,-CA-90720",,,,,,,,,,,,,,,,,,,,,,
497,"2017-Dorchester-Rd,-Oklahoma-City,-OK-73130",18676.0,2747.0,15929.0,,,,,,,19609.0,2462.0,17147.0,,,,,,,,,,
498,"29-Glenwood-Ave,-Cambridge,-MA-02139",,,,,,,,,,,,,,,,,,,,,,
499,"494-Bridgeport-Ave-NW,-Palm-Bay,-FL-32907",201670.0,36760.0,164910.0,,,,,,,,,,,,,,,,,,,
